Workbook

Sheet Capa
C1: =SUM(H2-H4) -> 0
C2: Desconto | H2: 0
C4: Acréscimo | H4: 0
C6: Digite acima um desconto ou acréscimo para aplicar em todos valores da tabela. O desconto será subtraido do acréscimo se os dois forem digitados.
A23: *Pedidos por telefone (RESPONSABILIDADE SERÁ DO CLIENTE)
A25: *Confira os tecidos adquiridos antes de cortar, pois não serão aceitas reclamações caso o tecido esteja cortado ou confeccionado.
A28: *Atenção: Tabela com preço especial somente para revendedores
A30: * Os Tecidos Amassados podem sofrer alterações na largura e na textura
A32: * Os Tecidos que possuem algodão e linho em sua composição poderão sofrer encolhimento se não lavados a seco
A35: * Os tecidos podem sofrer diferença de tonalidade de uma remessa para outra
A37: *Não trocamos tecidos e varões cortados
A40: SETEMBRO - 2024

Sheet Promocionais-Book 06
A1: TECIDOS PROMOCIONAIS - SOB CONSULTA
A2: CODIGO | B2: DESCRIÇÃO | D2: LARGURA | E2: CORTE | F2: PEÇA | H2: CORTE | I2: PEÇA
A3: 1030 | B3: VOIL LISO NACIONAL (SOMENTE CORES 11-12-16-17-18-21-33-38) | D3: 3 | E3: =SUM(H3-(H3*Capa!$C$1)) -> 7.67 | F3: =SUM(I3-(I3*Capa!$C$1)) -> 7.29 | H3: 7.67 | I3: 7.29
A4: 1031 | B4: VOIL AMASSADO CORTTEX (01-02-04-05-09-10-26-28-40 FORA DE LINHA) | D4: 2,65/2,70 | E4: =SUM(H4-(H4*Capa!$C$1)) -> 8.89 | F4: =SUM(I4-(I4*Capa!$C$1)) -> 8.27 | H4: 8.89 | I4: 8.27
A5: 1037 | B5: MALHA JERSEY BRASS (PROMOCIONAL NAS CORES: 07-10-11-22) | D5: 1.55 | E5: =SUM(H5-(H5*Capa!$C$1)) -> 7.28 | F5: =SUM(I5-(I5*Capa!$C$1)) -> 6.77 | H5: 7.28 | I5: 6.77
A6: 1037 | B6: MALHA JERSEY BRASS (CORES: 01-05-06-08-09-15-16-19-21-25-27-31-32-35) | D6: 1.55 | E6: =SUM(H6-(H6*Capa!$C$1)) -> 11.6 | F6: =SUM(I6-(I6*Capa!$C$1)) -> 10.78 | H6: 11.6 | I6: 10.78
A7: 1048 | B7: FORRO PESADO TRAMAXUS (SOB CONSULTA) | D7: 3 | E7: =SUM(H7-(H7*Capa!$C$1)) -> 10.73 | F7: =SUM(I7-(I7*Capa!$C$1)) -> 10.2 | H7: 10.73 | I7: 10.2
A8: 4017 | B8: VOIL LOS ANGELES | D8: 3 | E8: =SUM(H8-(H8*Capa!$C$1)) -> 20.92 | F8: =SUM(I8-(I8*Capa!$C$1)) -> 19.45 | H8: 20.92 | I8: 19.45
A9: 5006 | B9: VOIL NAGOIA (SOMENTE COR 03) | D9: 2.9 | E9: =SUM(H9-(H9*Capa!$C$1)) -> 38.6 | F9: =SUM(I9-(I9*Capa!$C$1)) -> 36.67 | H9: 38.6 | I9: 36.67
A10: 5007 | B10: VOIL SENDAI (SOMENTE COR 01 E COR 03) | D10: 2.9 | E10: =SUM(H10-(H10*Capa!$C$1)) -> 40.98 | F10: =SUM(I10-(I10*Capa!$C$1)) -> 38.93 | H10: 40.98 | I10: 38.93
A11: 7003 | B11: LINHO PANAMA | D11: 3 | E11: =SUM(H11-(H11*Capa!$C$1)) -> 59.54 | F11: =SUM(I11-(I11*Capa!$C$1)) -> 56.57 | H11: 59.54 | I11: 56.57
A12: 7021 | B12: VOIL SEVILHA | D12: 3 | E12: =SUM(H12-(H12*Capa!$C$1)) -> 32.34 | F12: =SUM(I12-(I12*Capa!$C$1)) -> 30.72 | H12: 32.34 | I12: 30.72
A13: 7033 | B13: VOIL MATISSE (SOMENTE COR 05) | D13: 2.9 | E13: =SUM(H13-(H13*Capa!$C$1)) -> 18.76 | F13: =SUM(I13-(I13*Capa!$C$1)) -> 17.83 | H13: 18.76 | I13: 17.83
A14: 7034 | B14: *TAFETÁ FLAMÊ LISO (SOMENTE COR 07) | D14: 2.8 | E14: =SUM(H14-(H14*Capa!$C$1)) -> 12.99 | F14: =SUM(I14-(I14*Capa!$C$1)) -> 12.34 | H14: 12.99 | I14: 12.34
A15: 7035 | B15: *TAFETÁ FLAMÊ LIST (SOMENTE COR 03) | D15: 2.8 | E15: =SUM(H15-(H15*Capa!$C$1)) -> 12.99 | F15: =SUM(I15-(I15*Capa!$C$1)) -> 12.34 | H15: 12.99 | I15: 12.34
A16: 7041 | B16: LINHO BRISTOL II | D16: 3 | E16: =SUM(H16-(H16*Capa!$C$1)) -> 24.43 | F16: =SUM(I16-(I16*Capa!$C$1)) -> 23.21 | H16: 24.43 | I16: 23.21
... A18: 7053 | B18: VOIL DENVER AMASSADO (SOMENTE COR 01) | D18: 2.6 | E18: =SUM(H18-(H18*Capa!$C$1)) -> 23.46 | F18: =SUM(I18-(I18*Capa!$C$1)) -> 22.29 | H18: 23.46 | I18: 22.29
A19: BOOK 06 - PREMIUM COLLECTION
A20: CODIGO | B20: LARGURA | C20: CORTE | E20: PEÇA | H20: CORTE | I20: PEÇA
A21: 6001-01 | B21: 1.4 | C21: =SUM(H21-(H21*Capa!$C$1)) -> 44.65 | E21: =SUM(I21-(I21*Capa!$C$1)) -> 42.41 | H21: 44.65 | I21: 42.41
A22: 6006 | B22: 1.4 | C22: =SUM(H22-(H22*Capa!$C$1)) -> 47.68 | E22: =SUM(I22-(I22*Capa!$C$1)) -> 45.29 | H22: 47.68 | I22: 45.29
A23: 6012 | B23: 1.4 | C23: =SUM(H23-(H23*Capa!$C$1)) -> 45.29 | E23: =SUM(I23-(I23*Capa!$C$1)) -> 43.02 | H23: 45.29 | I23: 43.02
A24: 6015 | B24: 1.4 | C24: =SUM(H24-(H24*Capa!$C$1)) -> 50.93 | E24: =SUM(I24-(I24*Capa!$C$1)) -> 48.39 | H24: 50.93 | I24: 48.39
A25: 6016 | B25: 1.4 | C25: =SUM(H25-(H25*Capa!$C$1)) -> 38.48 | E25: =SUM(I25-(I25*Capa!$C$1)) -> 40.4 | H25: 38.48 | I25: 40.4
A26: 6018 | B26: 1.4 | C26: =SUM(H26-(H26*Capa!$C$1)) -> 47.84 | E26: =SUM(I26-(I26*Capa!$C$1)) -> 45.44 | H26: 47.84 | I26: 45.44
A27: 6019-02 | B27: 1.4 | C27: =SUM(H27-(H27*Capa!$C$1)) -> 39.23 | E27: =SUM(I27-(I27*Capa!$C$1)) -> 37.26 | H27: 39.23 | I27: 37.26
A28: 6020-02 | B28: 1.4 | C28: =SUM(H28-(H28*Capa!$C$1)) -> 40.87 | E28: =SUM(I28-(I28*Capa!$C$1)) -> 38.82 | H28: 40.87 | I28: 38.82
A29: 6023-01 | B29: 1.4 | C29: =SUM(H29-(H29*Capa!$C$1)) -> 41.05 | E29: =SUM(I29-(I29*Capa!$C$1)) -> 39 | H29: 41.05 | I29: 39
A30: 6024 | B30: 1.4 | C30: =SUM(H30-(H30*Capa!$C$1)) -> 41.05 | E30: =SUM(I30-(I30*Capa!$C$1)) -> 39 | H30: 41.05 | I30: 39
A31: 6025 | B31: 1.4 | C31: =SUM(H31-(H31*Capa!$C$1)) -> 41.05 | E31: =SUM(I31-(I31*Capa!$C$1)) -> 39 | H31: 41.05 | I31: 39
A32: 6026 | B32: 1.4 | C32: =SUM(H32-(H32*Capa!$C$1)) -> 42.84 | E32: =SUM(I32-(I32*Capa!$C$1)) -> 40.69 | H32: 42.84 | I32: 40.69
A33: BOOK 09 - BASIC
A34: CODIGO | B34: DESCRIÇÃO | E34: LARGURA | F34: CORTE | H34: CORTE
A35: 9001 | B35: RUSTICO PESADO | E35: 2.9 | F35: =SUM(H35-(H35*Capa!$C$1)) -> 9.46 | H35: 9.46
A36: 9003 | B36: GORGURINHO (CORES 04-05-09-10-11-16) | E36: 2.8 | F36: =SUM(H36-(H36*Capa!$C$1)) -> 12.21 | H36: 12.21
A37: 9004 | B37: VOIL LISO (SOB CONSULTA NAS CORES: 10-11-15-16-17-20-32-34) | E37: 3 | F37: =SUM(H37-(H37*Capa!$C$1)) -> 7.67 | H37: 7.67
A38: 9006 | B38: VELUDO | E38: 1.46 | F38: =SUM(H38-(H38*Capa!$C$1)) -> 16.75 | H38: 16.75
A39: 9007 | B39: OXFORD (CORES 03-04-07-08-10) | E39: 2.8 | F39: =SUM(H39-(H39*Capa!$C$1)) -> 6.78 | H39: 6.78
A40: 9008 | B40: SARJA (CORES 04-05-09-10-11-12-13-16) | E40: 2.8 | F40: =SUM(H40-(H40*Capa!$C$1)) -> 11.31 | H40: 11.31
A41: 9009 | B41: CETIM LISO (CORES 03-05-06-08-09-10-12-13-14) | E41: 3 | F41: =SUM(H41-(H41*Capa!$C$1)) -> 8.33 | H41: 8.33
A42: BOOK 10
A43: CODIGO | B43: DESCRIÇÃO | E43: LARGURA | F43: CORTE | H43: CORTE
A44: 10000 | B44: TRICÔ ARES | E44: 1.4 | F44: =SUM(H44-(H44*Capa!$C$1)) -> 30.77 | H44: 30.77
A45: 10002 | B45: TRICÔ HÉSTIA | E45: 1.4 | F45: =SUM(H45-(H45*Capa!$C$1)) -> 38.29 | H45: 38.29
A46: 10016 | B46: LINHO EGITO | E46: 2.8 | F46: =SUM(H46-(H46*Capa!$C$1)) -> 46.27 | H46: 46.27
A47: 10017 | B47: LINHO ATENAS | E47: 2.8 | F47: =SUM(H47-(H47*Capa!$C$1)) -> 43.39 | H47: 43.39
A48: 10023 | B48: ARRASTÃO AQUILES | E48: 3 | F48: =SUM(H48-(H48*Capa!$C$1)) -> 29.8 | H48: 29.8
A49: 10024 | B49: ARRASTÃO ZEUS | E49: 3 | F49: =SUM(H49-(H49*Capa!$C$1)) -> 20.94 | H49: 20.94
A50: 10026 | B50: ARRASTÃO AFRODITE | E50: 3 | F50: =SUM(H50-(H50*Capa!$C$1)) -> 23.81 | H50: 23.81
A51: 10031 | B51: LINHO SIRIA | E51: 2.9 | F51: =SUM(H51-(H51*Capa!$C$1)) -> 16.14 | H51: 16.14
A52: 10039 | B52: LINHO ÉDIPO | E52: 3 | F52: =SUM(H52-(H52*Capa!$C$1)) -> 10.17 | H52: 10.17
A53: 12013 | B53: TELA RÚSTICA | E53: 3 | F53: =SUM(H53-(H53*Capa!$C$1)) -> 11.67 | H53: 11.67
A54: 12015 | B54: SHANTUNG IMPERIAL | E54: 3 | F54: =SUM(H54-(H54*Capa!$C$1)) -> 35.64 | H54: 35.64
A55: 12025 | B55: TAFETA FLAME LISTRADO | E55: 2.8 | F55: =SUM(H55-(H55*Capa!$C$1)) -> 5.92 | H55: 5.92
A56: 12033 | B56: VOIL ALPES | E56: 3 | F56: =SUM(H56-(H56*Capa!$C$1)) -> 17.59 | H56: 17.59
A57: Tabela com Desconto de | C57: =Capa!H2 -> 0

Sheet Book 10
A1: BOOK 10
A2: CODIGO | B2: DESCRIÇÃO | D2: LARGURA | E2: CORTE | F2: PEÇA | H2: CORTE | I2: PEÇA
A3: *10001 | B3: TRICÔ HERA (PROMOCIONAL) | D3: 1.4 | E3: =SUM(H3-(H3*Capa!$C$1)) -> 83.65 | F3: =SUM(I3-(I3*Capa!$C$1)) -> 79.47 | H3: 83.65 | I3: 79.47
A4: 10003 | B4: TRICÔ PERSEU | D4: 1.45 | E4: =SUM(H4-(H4*Capa!$C$1)) -> 78.9 | F4: =SUM(I4-(I4*Capa!$C$1)) -> 75.14 | H4: 78.9 | I4: 75.14
A5: 10004 | B5: TRICÔ CRATOS | D5: 1.45 | E5: =SUM(H5-(H5*Capa!$C$1)) -> 92.56 | F5: =SUM(I5-(I5*Capa!$C$1)) -> 97.18 | H5: 92.56 | I5: 97.18
A6: *10005 | B6: LINHO ELITE (PROMOCIONAL) | D6: 2.8 | E6: =SUM(H6-(H6*Capa!$C$1)) -> 95.95 | F6: =SUM(I6-(I6*Capa!$C$1)) -> 91.15 | H6: 95.95 | I6: 91.15
A7: 10006 | B7: LINHO ALFEU | D7: 2.9 | E7: =SUM(H7-(H7*Capa!$C$1)) -> 90.98 | F7: =SUM(I7-(I7*Capa!$C$1)) -> 86.46 | H7: 90.98 | I7: 86.46
A8: 10007 | B8: LINHO URÂNIA | D8: 2.9 | E8: =SUM(H8-(H8*Capa!$C$1)) -> 97.2 | F8: =SUM(I8-(I8*Capa!$C$1)) -> 92.57 | H8: 97.2 | I8: 92.57
A9: 10008 | B9: LINHO RAMI | D9: 3 | E9: =SUM(H9-(H9*Capa!$C$1)) -> 54.92 | F9: =SUM(I9-(I9*Capa!$C$1)) -> 52.17 | H9: 54.92 | I9: 52.17
A10: *10009 | B10: LINHO PAPIRO (PROMOCIONAL) | D10: 2.95 | E10: =SUM(H10-(H10*Capa!$C$1)) -> 29.33 | F10: =SUM(I10-(I10*Capa!$C$1)) -> 27.86 | H10: 29.33 | I10: 27.86
A11: *10010 | B11: LINHO NOBRE (PROMOCIONAL) | D11: 3 | E11: =SUM(H11-(H11*Capa!$C$1)) -> 42.13 | F11: =SUM(I11-(I11*Capa!$C$1)) -> 40.02 | H11: 42.13 | I11: 40.02
A12: *10011 | B12: LINHO HADES (PROMOCIONAL) | D12: 2.9 | E12: =SUM(H12-(H12*Capa!$C$1)) -> 44.04 | F12: =SUM(I12-(I12*Capa!$C$1)) -> 41.83 | H12: 44.04 | I12: 41.83
A13: *10012 | B13: LINHO HERMES (PROMOCIONAL) | D13: 2.9 | E13: =SUM(H13-(H13*Capa!$C$1)) -> 46.68 | F13: =SUM(I13-(I13*Capa!$C$1)) -> 44.34 | H13: 46.68 | I13: 44.34
A14: *10013 | B14: LINHO CALABRIA (PROMOCIONAL) | D14: 2.9 | E14: =SUM(H14-(H14*Capa!$C$1)) -> 38.78 | F14: =SUM(I14-(I14*Capa!$C$1)) -> 36.84 | H14: 38.78 | I14: 36.84
A15: 10014 | B15: LINHO NEPAL | D15: 3 | E15: =SUM(H15-(H15*Capa!$C$1)) -> 43.55 | F15: =SUM(I15-(I15*Capa!$C$1)) -> 40.42 | H15: 43.55 | I15: 40.42
A16: *10015 | B16: LINHO ARGEL (PROMOCIONAL) | D16: 3 | E16: =SUM(H16-(H16*Capa!$C$1)) -> 40.14 | F16: =SUM(I16-(I16*Capa!$C$1)) -> 38.13 | H16: 40.14 | I16: 38.13
A17: *10018 | B17: SHANTUNG SELENE (PROMOCIONAL) | D17: 3 | E17: =SUM(H17-(H17*Capa!$C$1)) -> 39.11 | F17: =SUM(I17-(I17*Capa!$C$1)) -> 37.15 | H17: 39.11 | I17: 37.15
A18: 10019 | B18: SHANTUNG EROS | D18: 3 | E18: =SUM(H18-(H18*Capa!$C$1)) -> 46.23 | F18: =SUM(I18-(I18*Capa!$C$1)) -> 44.03 | H18: 46.23 | I18: 44.03
A19: *10022 | B19: ARRASTÃO ZELO (PROMOCIONAL) | D19: 3 | E19: =SUM(H19-(H19*Capa!$C$1)) -> 34.21 | F19: =SUM(I19-(I19*Capa!$C$1)) -> 32.49 | H19: 34.21 | I19: 32.49
A20: *10025 | B20: ARRASTÃO HIPNOS (PROMOCIONAL) | D20: 3 | E20: =SUM(H20-(H20*Capa!$C$1)) -> 48.23 | F20: =SUM(I20-(I20*Capa!$C$1)) -> 45.82 | H20: 48.23 | I20: 45.82
A21: *10027 | B21: LINHO HEBE (PROMOCIONAL) | D21: 2.9 | E21: =SUM(H21-(H21*Capa!$C$1)) -> 38 | F21: =SUM(I21-(I21*Capa!$C$1)) -> 36.1 | H21: 38 | I21: 36.1
A22: *10028 | B22: LINHO ANTEROS (PROMOCIONAL) | D22: 2.9 | E22: =SUM(H22-(H22*Capa!$C$1)) -> 38 | F22: =SUM(I22-(I22*Capa!$C$1)) -> 36.1 | H22: 38 | I22: 36.1
A23: 10029 | B23: LINHO DIONE | D23: 2.9 | E23: =SUM(H23-(H23*Capa!$C$1)) -> 60.93 | F23: =SUM(I23-(I23*Capa!$C$1)) -> 57.89 | H23: 60.93 | I23: 57.89
A24: 10030 | B24: LINHO FINESSE | D24: 2.9 | E24: =SUM(H24-(H24*Capa!$C$1)) -> 50.07 | F24: =SUM(I24-(I24*Capa!$C$1)) -> 47.68 | H24: 50.07 | I24: 47.68
A25: 10032 | B25: LINHO ASTECA | D25: 3 | E25: =SUM(H25-(H25*Capa!$C$1)) -> 42.9 | F25: =SUM(I25-(I25*Capa!$C$1)) -> 40.75 | H25: 42.9 | I25: 40.75
A26: 10033 | B26: LINHO CORDOBA | D26: 3 | E26: =SUM(H26-(H26*Capa!$C$1)) -> 32.88 | F26: =SUM(I26-(I26*Capa!$C$1)) -> 31.24 | H26: 32.88 | I26: 31.24
A27: 10034 | B27: LINHO BELIZE | D27: 3 | E27: =SUM(H27-(H27*Capa!$C$1)) -> 30.18 | F27: =SUM(I27-(I27*Capa!$C$1)) -> 28.57 | H27: 30.18 | I27: 28.57
A28: 10036 | B28: LINHO MACAPÁ | D28: 2.8 | E28: =SUM(H28-(H28*Capa!$C$1)) -> 50.22 | F28: =SUM(I28-(I28*Capa!$C$1)) -> 47.71 | H28: 50.22 | I28: 47.71
A29: 10037 | B29: LINHO SANREMO | D29: 2.9 | E29: =SUM(H29-(H29*Capa!$C$1)) -> 54.27 | F29: =SUM(I29-(I29*Capa!$C$1)) -> 51.56 | H29: 54.27 | I29: 51.56
A30: 10040 | B30: RUSTICO SIBÉRIA | D30: 3 | E30: =SUM(H30-(H30*Capa!$C$1)) -> 15.8 | F30: =SUM(I30-(I30*Capa!$C$1)) -> 15.01 | H30: 15.8 | I30: 15.01
A31: 10041 | B31: RUSTICO ALASCA | D31: 3 | E31: =SUM(H31-(H31*Capa!$C$1)) -> 17.35 | F31: =SUM(I31-(I31*Capa!$C$1)) -> 16.48 | H31: 17.35 | I31: 16.48
A32: 10042 | B32: RÚSTICO APOLO | D32: 3 | E32: =SUM(H32-(H32*Capa!$C$1)) -> 31.85 | F32: =SUM(I32-(I32*Capa!$C$1)) -> 30.26 | H32: 31.85 | I32: 30.26
A33: *10043 | B33: TRICÔ HÓRUS (PROMOCIONAL) (CORES 02,04,06 FORA DE LINHA) | D33: 3 | E33: =SUM(H33-(H33*Capa!$C$1)) -> 55 | F33: =SUM(I33-(I33*Capa!$C$1)) -> 52.25 | H33: 55 | I33: 52.25
A34: 10044 | B34: TELA RAVENNA | D34: 3 | E34: =SUM(H34-(H34*Capa!$C$1)) -> 36.69 | F34: =SUM(I34-(I34*Capa!$C$1)) -> 34.94 | H34: 36.69 | I34: 34.94
A35: 10045 | B35: TELA BELIZE | D35: 3 | E35: =SUM(H35-(H35*Capa!$C$1)) -> 36.69 | F35: =SUM(I35-(I35*Capa!$C$1)) -> 34.94 | H35: 36.69 | I35: 34.94
A36: 10046 | B36: TELA PEQUIM | D36: 3 | E36: =SUM(H36-(H36*Capa!$C$1)) -> 36.69 | F36: =SUM(I36-(I36*Capa!$C$1)) -> 34.94 | H36: 36.69 | I36: 34.94
A37: 10047 | B37: RÚSTICO LÍBIA | D37: 3 | E37: =SUM(H37-(H37*Capa!$C$1)) -> 41.04 | F37: =SUM(I37-(I37*Capa!$C$1)) -> 39.09 | H37: 41.04 | I37: 39.09
A38: 10048 | B38: LINHO CORDONÊ | D38: 3 | E38: =SUM(H38-(H38*Capa!$C$1)) -> 50.74 | F38: =SUM(I38-(I38*Capa!$C$1)) -> 48.2 | H38: 50.74 | I38: 48.2
A39: 10049 | B39: LINHO NICARÁGUA | D39: 3 | E39: =SUM(H39-(H39*Capa!$C$1)) -> 43.21 | F39: =SUM(I39-(I39*Capa!$C$1)) -> 41.16 | H39: 43.21 | I39: 41.16
A40: 10050 | B40: LINHO NIAGARA | D40: 3 | E40: =SUM(H40-(H40*Capa!$C$1)) -> 30.34 | F40: =SUM(I40-(I40*Capa!$C$1)) -> 28.9 | H40: 30.34 | I40: 28.9

Sheet Book 12
A1: BOOK 12
A2: CODIGO | B2: DESCRIÇÃO | D2: LARGURA | E2: CORTE | F2: PEÇA | H2: CORTE | I2: PEÇA
A3: 12000 | B3: RUSTICO FLAME NATURAL | D3: 3 | E3: ='Book 14'!E8 -> 22.45 | F3: ='Book 14'!F8 -> 21.33 | H3: --
A4: 12001 | B4: RUSTICO FLAME LIGHT | D4: 3 | E4: ='Book 14'!E9 -> 18.2 | F4: ='Book 14'!F9 -> 17.29 | H4: --
A5: 12003 | B5: RUSTICO FLAME | D5: 3 | E5: =SUM(H5-(H5*Capa!$C$1)) -> 19.39 | F5: =SUM(I5-(I5*Capa!$C$1)) -> 18.42 | H5: 19.39 | I5: 18.42
A6: 12004 | B6: RUSTICO FLAME PRIME | D6: 3 | E6: =SUM(H6-(H6*Capa!$C$1)) -> 40.95 | F6: =SUM(I6-(I6*Capa!$C$1)) -> 38.9 | H6: 40.95 | I6: 38.9
A7: 12005 | B7: JACQUARD PARIS | D7: 2.8 | E7: =SUM(H7-(H7*Capa!$C$1)) -> 50.06 | F7: =SUM(I7-(I7*Capa!$C$1)) -> 47.67 | H7: 50.06 | I7: 47.67
A8: 12006 | B8: JACQUARD LYON | D8: 2.8 | E8: =SUM(H8-(H8*Capa!$C$1)) -> 50.06 | F8: =SUM(I8-(I8*Capa!$C$1)) -> 47.67 | H8: 50.06 | I8: 47.67
A9: 12007 | B9: JACQUARD NANTES | D9: 2.8 | E9: =SUM(H9-(H9*Capa!$C$1)) -> 50.06 | F9: =SUM(I9-(I9*Capa!$C$1)) -> 47.67 | H9: 50.06 | I9: 47.67
A10: 12008 | B10: JACQUARD ELINE | D10: 2.8 | E10: =SUM(H10-(H10*Capa!$C$1)) -> 50.06 | F10: =SUM(I10-(I10*Capa!$C$1)) -> 47.67 | H10: 50.06 | I10: 47.67
A11: 12009 | B11: JACQUARD RIVIERA | D11: 2.8 | E11: =SUM(H11-(H11*Capa!$C$1)) -> 50.06 | F11: =SUM(I11-(I11*Capa!$C$1)) -> 47.67 | H11: 50.06 | I11: 47.67
A12: 12010 | B12: RUSTICO SAVANA (CORES 03 E 04 FORA DE LINHA) | D12: 2.9 | E12: =SUM(H12-(H12*Capa!$C$1)) -> 39.49 | F12: =SUM(I12-(I12*Capa!$C$1)) -> 37.51 | H12: 39.49 | I12: 37.51
A13: 12011 | B13: RUSTICO SINTÉTICO | D13: 3 | E13: =SUM(H13-(H13*Capa!$C$1)) -> 27.2 | F13: =SUM(I13-(I13*Capa!$C$1)) -> 25.84 | H13: 27.2 | I13: 25.84
A14: 12012 | B14: RUSTICO SINTÉTICO XADREZ | D14: 3 | E14: =SUM(H14-(H14*Capa!$C$1)) -> 26.16 | F14: =SUM(I14-(I14*Capa!$C$1)) -> 24.85 | H14: 26.16 | I14: 24.85
A15: 12014 | B15: TRICO CEARÁ | D15: 3 | E15: =SUM(H15-(H15*Capa!$C$1)) -> 32.28 | F15: =SUM(I15-(I15*Capa!$C$1)) -> 30.67 | H15: 32.28 | I15: 30.67
A16: 12016 | B16: GAZE DE LINHO | D16: 2.8 | E16: ='Book 14'!E10 -> 27.4 | F16: ='Book 14'!F10 -> 26.03 | H16: --
A17: *12017 | B17: LINHO ISTAMBUL (PROMOCIONAL) | D17: 3 | E17: =SUM(H17-(H17*Capa!$C$1)) -> 40.35 | F17: =SUM(I17-(I17*Capa!$C$1)) -> 38.33 | H17: 40.35 | I17: 38.33
A18: 12018 | B18: LINHO CANNES | D18: 3 | E18: =SUM(H18-(H18*Capa!$C$1)) -> 41.16 | F18: =SUM(I18-(I18*Capa!$C$1)) -> 39.1 | H18: 41.16 | I18: 39.1
A19: *12019 | B19: LINHO KALAHARI (PROMOCIONAL) | D19: 3 | E19: =SUM(H19-(H19*Capa!$C$1)) -> 33.93 | F19: =SUM(I19-(I19*Capa!$C$1)) -> 32.23 | H19: 33.93 | I19: 32.23
A20: 12020 | B20: LINHO SELVAGEM | D20: 3 | E20: =SUM(H20-(H20*Capa!$C$1)) -> 31.57 | F20: =SUM(I20-(I20*Capa!$C$1)) -> 30.06 | H20: 31.57 | I20: 30.06
A21: 12022 | B21: LINHO CARRARA | D21: 2.9 | E21: =SUM(H21-(H21*Capa!$C$1)) -> 42.13 | F21: =SUM(I21-(I21*Capa!$C$1)) -> 40.12 | H21: 42.13 | I21: 40.12
A22: *12023 | B22: TAFETÁ LAS VEGAS (PROMOCIONAL) | D22: 3 | E22: =SUM(H22-(H22*Capa!$C$1)) -> 25.41 | F22: =SUM(I22-(I22*Capa!$C$1)) -> 24.14 | H22: 25.41 | I22: 24.14
A23: 12027 | B23: VOIL DUBAI | D23: 3 | E23: =SUM(H23-(H23*Capa!$C$1)) -> 19.3 | F23: =SUM(I23-(I23*Capa!$C$1)) -> 18.33 | H23: 19.3 | I23: 18.33
A24: 12029 | B24: VOIL MATISSE | D24: 2.9 | E24: =SUM(H24-(H24*Capa!$C$1)) -> 30.28 | F24: =SUM(I24-(I24*Capa!$C$1)) -> 28.84 | H24: 30.28 | I24: 28.84
A25: 12030 | B25: VOIL LA PAZ | D25: 2.9 | E25: =SUM(H25-(H25*Capa!$C$1)) -> 37.12 | F25: =SUM(I25-(I25*Capa!$C$1)) -> 35.26 | H25: 37.12 | I25: 35.26
A26: 12031 | B26: VOIL BOGOTÁ | D26: 2.9 | E26: =SUM(H26-(H26*Capa!$C$1)) -> 33.82 | F26: =SUM(I26-(I26*Capa!$C$1)) -> 32.21 | H26: 33.82 | I26: 32.21
A27: *12032 | B27: VOIL VERMONT (PROMOCIONAL) | D27: 3 | E27: =SUM(H27-(H27*Capa!$C$1)) -> 29.34 | F27: =SUM(I27-(I27*Capa!$C$1)) -> 27.84 | H27: 29.34 | I27: 27.84
A28: 12034 | B28: VOIL ATLANTA | D28: 3 | E28: =SUM(H28-(H28*Capa!$C$1)) -> 33.34 | F28: =SUM(I28-(I28*Capa!$C$1)) -> 31.67 | H28: 33.34 | I28: 31.67
A29: 12035 | B29: VOIL SUPER | D29: 3 | E29: =SUM(H29-(H29*Capa!$C$1)) -> 16.86 | F29: =SUM(I29-(I29*Capa!$C$1)) -> 16.01 | H29: 16.86 | I29: 16.01
A30: 12036 | B30: VOIL SELVAGEM | D30: 3 | E30: =SUM(H30-(H30*Capa!$C$1)) -> 25.85 | F30: =SUM(I30-(I30*Capa!$C$1)) -> 24.56 | H30: 25.85 | I30: 24.56
A31: 12037 | B31: VOIL SUIÇO | D31: 3 | E31: =SUM(H31-(H31*Capa!$C$1)) -> 17.56 | F31: =SUM(I31-(I31*Capa!$C$1)) -> 16.69 | H31: 17.56 | I31: 16.69
A32: 12039 | B32: VOIL CRISTAL | D32: 3 | E32: =SUM(H32-(H32*Capa!$C$1)) -> 19.3 | F32: =SUM(I32-(I32*Capa!$C$1)) -> 18.33 | H32: 19.3 | I32: 18.33
A33: 12041 | B33: VOIL DETROIT | D33: 3 | E33: =SUM(H33-(H33*Capa!$C$1)) -> 19.3 | F33: =SUM(I33-(I33*Capa!$C$1)) -> 18.33 | H33: 19.3 | I33: 18.33
A34: *12042 | B34: VOIL DALLAS (PROMOCIONAL) | D34: 3 | E34: =SUM(H34-(H34*Capa!$C$1)) -> 21.86 | F34: =SUM(I34-(I34*Capa!$C$1)) -> 20.77 | H34: 21.86 | I34: 20.77
A35: *12043 | B35: VOIL MONTREAL (PROMOCIONAL) | D35: 3 | E35: =SUM(H35-(H35*Capa!$C$1)) -> 17.62 | F35: =SUM(I35-(I35*Capa!$C$1)) -> 16.74 | H35: 17.62 | I35: 16.74
A36: 12044 | B36: RÚSTICO FLAME NACIONAL | D36: 3 | E36: =SUM(H36-(H36*Capa!$C$1)) -> 23.74 | F36: =SUM(I36-(I36*Capa!$C$1)) -> 22.55 | H36: 23.74 | I36: 22.55
A37: 12045 | B37: RÚSTICO ARIZONA | D37: 3 | E37: =SUM(H37-(H37*Capa!$C$1)) -> 32.99 | F37: =SUM(I37-(I37*Capa!$C$1)) -> 31.34 | H37: 32.99 | I37: 31.34
A38: 12046 | B38: GAZE COSTA RICA | D38: 3 | E38: =SUM(H38-(H38*Capa!$C$1)) -> 23.67 | F38: =SUM(I38-(I38*Capa!$C$1)) -> 22.54 | H38: 23.67 | I38: 22.54
A39: 12047 | B39: VOIL NEVADA | D39: 2.8 | E39: =SUM(H39-(H39*Capa!$C$1)) -> 26.68 | F39: =SUM(I39-(I39*Capa!$C$1)) -> 25.34 | H39: 26.68 | I39: 25.34
A40: 12048 | B40: VOIL CHIFFON VIENA | D40: 3 | E40: =SUM(H40-(H40*Capa!$C$1)) -> 17.6 | F40: =SUM(I40-(I40*Capa!$C$1)) -> 18.53 | H40: 17.6 | I40: 18.53
A41: 12049 | B41: RUSTICO HAVANA | D41: 3 | E41: =SUM(H41-(H41*Capa!$C$1)) -> 27.82 | F41: =SUM(I41-(I41*Capa!$C$1)) -> 26.49 | H41: 27.82 | I41: 26.49

Sheet Book 13
A1: BOOK 13
A2: CODIGO | B2: DESCRIÇÃO | D2: LARGURA | E2: CORTE | F2: PEÇA | H2: CORTE | I2: PEÇA
A3: *13000 | B3: LINHO HERMES (PROMOCIONAL) | D3: 2.9 | E3: =SUM(H3-(H3*Capa!$C$1)) -> 44.68 | F3: =SUM(I3-(I3*Capa!$C$1)) -> 44.34 | H3: 44.68 | I3: 44.34
A4: 13001 | B4: PIQUET 2,50 MTS | D4: 2.5 | E4: =SUM(H4-(H4*Capa!$C$1)) -> 39.2 | F4: =SUM(I4-(I4*Capa!$C$1)) -> 37.2 | H4: 39.2 | I4: 37.2
A5: 13001 | B5: PIQUET 1,40 MTS | D5: 1.4 | E5: =SUM(H5-(H5*Capa!$C$1)) -> 52.7 | F5: =SUM(I5-(I5*Capa!$C$1)) -> 50.06 | H5: 52.7 | I5: 50.06
A6: *13002 | B6: LINHO VILA REAL (PROMOCIONAL) | D6: 2.9 | E6: =SUM(H6-(H6*Capa!$C$1)) -> 44.84 | F6: =SUM(I6-(I6*Capa!$C$1)) -> 42.59 | H6: 44.84 | I6: 42.59
A7: *13003 | B7: JACQUARD CATAR (PROMOCIONAL) | D7: 1.45 | E7: =SUM(H7-(H7*Capa!$C$1)) -> 49.14 | F7: =SUM(I7-(I7*Capa!$C$1)) -> 46.68 | H7: 49.14 | I7: 46.68
A8: *13004 | B8: TRICO HORUS (PROMOCIONAL) | D8: 3 | E8: =SUM(H8-(H8*Capa!$C$1)) -> 55 | F8: =SUM(I8-(I8*Capa!$C$1)) -> 52.25 | H8: 55 | I8: 52.25
A9: *13005 | B9: JACQUARD JAIPUR (PROMOCIONAL) | D9: 1.45 | E9: =SUM(H9-(H9*Capa!$C$1)) -> 62.64 | F9: =SUM(I9-(I9*Capa!$C$1)) -> 59.51 | H9: 62.64 | I9: 59.51
A10: *13006 | B10: JACQUARD ESTOCOMO (PROMOCIONAL) | D10: 1.45 | E10: =SUM(H10-(H10*Capa!$C$1)) -> 55.49 | F10: =SUM(I10-(I10*Capa!$C$1)) -> 52.72 | H10: 55.49 | I10: 52.72
A11: *13007 | B11: SEDA BALI LISO (PROMOCIONAL) | D11: 3 | E11: =SUM(H11-(H11*Capa!$C$1)) -> 39.76 | F11: =SUM(I11-(I11*Capa!$C$1)) -> 37.77 | H11: 39.76 | I11: 37.77
A12: *13008 | B12: SHANTUNG SELENE (PROMOCIONAL) | D12: 3 | E12: =SUM(H12-(H12*Capa!$C$1)) -> 39.11 | F12: =SUM(I12-(I12*Capa!$C$1)) -> 37.15 | H12: 39.11 | I12: 37.15
A13: 13009 | B13: TRICO PETRA | D13: 3 | E13: =SUM(H13-(H13*Capa!$C$1)) -> 36.69 | F13: =SUM(I13-(I13*Capa!$C$1)) -> 34.94 | H13: 36.69 | I13: 34.94
A14: 13010 | B14: SHANTUNG CLASSICO LISO | D14: 2.9 | E14: =SUM(H14-(H14*Capa!$C$1)) -> 63.7 | F14: =SUM(I14-(I14*Capa!$C$1)) -> 60.51 | H14: 63.7 | I14: 60.51
A15: 13011 | B15: SHANTUNG MALTA | D15: 2.9 | E15: =SUM(H15-(H15*Capa!$C$1)) -> 75.3 | F15: =SUM(I15-(I15*Capa!$C$1)) -> 71.53 | H15: 75.3 | I15: 71.53
A16: *13012 | B16: VOIL FUJI (PROMOCIONAL) | D16: 2.9 | E16: =SUM(H16-(H16*Capa!$C$1)) -> 52.41 | F16: =SUM(I16-(I16*Capa!$C$1)) -> 49.79 | H16: 52.41 | I16: 49.79
A17: *13013 | B17: VOIL TÓQUIO (PROMOCIONAL) | D17: 2.9 | E17: =SUM(H17-(H17*Capa!$C$1)) -> 63.78 | F17: =SUM(I17-(I17*Capa!$C$1)) -> 60.59 | H17: 63.78 | I17: 60.59
A18: 13014 | B18: LINHO HIMALAIA | D18: 3 | E18: =SUM(H18-(H18*Capa!$C$1)) -> 54.07 | F18: =SUM(I18-(I18*Capa!$C$1)) -> 51.5 | H18: 54.07 | I18: 51.5
A19: 13015 | B19: RUSTICO OREGON | D19: 2.8 | E19: =SUM(H19-(H19*Capa!$C$1)) -> 70.4 | F19: =SUM(I19-(I19*Capa!$C$1)) -> 66.88 | H19: 70.4 | I19: 66.88
A20: 13016 | B20: LINHO ÉTNA | D20: 2.9 | E20: =SUM(H20-(H20*Capa!$C$1)) -> 40.9 | F20: =SUM(I20-(I20*Capa!$C$1)) -> 38.86 | H20: 40.9 | I20: 38.86
A21: *13017 | B21: LINHO IBIZA (PROMOCIONAL) | D21: 3 | E21: =SUM(H21-(H21*Capa!$C$1)) -> 79.59 | F21: =SUM(I21-(I21*Capa!$C$1)) -> 75.61 | H21: 79.59 | I21: 75.61
A22: *13018 | B22: LINHO DACAR (PROMOCIONAL) | D22: 2.9 | E22: =SUM(H22-(H22*Capa!$C$1)) -> 79.59 | F22: =SUM(I22-(I22*Capa!$C$1)) -> 75.61 | H22: 79.59 | I22: 75.61
A23: *13019 | B23: LINHO ORIENTAL (PROMOCIONAL) | D23: 3 | E23: =SUM(H23-(H23*Capa!$C$1)) -> 52.91 | F23: =SUM(I23-(I23*Capa!$C$1)) -> 50.26 | H23: 52.91 | I23: 50.26
A24: *13020 | B24: LINHO COLISEU (PROMOCIONAL) | D24: 2.9 | E24: =SUM(H24-(H24*Capa!$C$1)) -> 61.04 | F24: =SUM(I24-(I24*Capa!$C$1)) -> 57.99 | H24: 61.04 | I24: 57.99
A25: 13021 | B25: LINHO MANHATTAN | D25: 3 | E25: =SUM(H25-(H25*Capa!$C$1)) -> 73.9 | F25: =SUM(I25-(I25*Capa!$C$1)) -> 65.84 | H25: 73.9 | I25: 65.84
A26: 13022 | B26: LINHO ATACAMA | D26: 3 | E26: =SUM(H26-(H26*Capa!$C$1)) -> 37.14 | F26: =SUM(I26-(I26*Capa!$C$1)) -> 35.29 | H26: 37.14 | I26: 35.29
A27: *13023 | B27: LINHO SAFIRA (PROMOCIONAL) | D27: 2.95 | E27: =SUM(H27-(H27*Capa!$C$1)) -> 54.57 | F27: =SUM(I27-(I27*Capa!$C$1)) -> 51.84 | H27: 54.57 | I27: 51.84
A28: 13024 | B28: CAMURÇA DUBLIN | D28: 2.9 | E28: =SUM(H28-(H28*Capa!$C$1)) -> 46.96 | F28: =SUM(I28-(I28*Capa!$C$1)) -> 44.61 | H28: 46.96 | I28: 44.61
A29: *13025 | B29: LINHO SENEGAL (PROMOCIONAL) | D29: 2.95 | E29: =SUM(H29-(H29*Capa!$C$1)) -> 41.5 | F29: =SUM(I29-(I29*Capa!$C$1)) -> 39.43 | H29: 41.5 | I29: 39.43
A30: *13026 | B30: VOIL BELGICA (PROMOCIONAL) | D30: 2.9 | E30: =SUM(H30-(H30*Capa!$C$1)) -> 65.2 | F30: =SUM(I30-(I30*Capa!$C$1)) -> 61.94 | H30: 65.2 | I30: 61.94
A31: *13027 | B31: SHANTUNG MIAMI (PROMOCIONAL) | D31: 2.9 | E31: =SUM(H31-(H31*Capa!$C$1)) -> 76.5 | F31: =SUM(I31-(I31*Capa!$C$1)) -> 72.68 | H31: 76.5 | I31: 72.68
A32: *13028 | B32: SHANTUNG EVEREST (PROMOCIONAL) | D32: 2.9 | E32: =SUM(H32-(H32*Capa!$C$1)) -> 59.28 | F32: =SUM(I32-(I32*Capa!$C$1)) -> 56.33 | H32: 59.28 | I32: 56.33
A33: *13029 | B33: SHANTUNG VILLAGE (PROMOCIONAL) | D33: 2.9 | E33: =SUM(H33-(H33*Capa!$C$1)) -> 65.9 | F33: =SUM(I33-(I33*Capa!$C$1)) -> 62.6 | H33: 65.9 | I33: 62.6
A34: *13030 | B34: SHANTUNG CLASSICO LISTRADO (PROMOCIONAL) | D34: 2.9 | E34: =SUM(H34-(H34*Capa!$C$1)) -> 49.14 | F34: =SUM(I34-(I34*Capa!$C$1)) -> 46.68 | H34: 49.14 | I34: 46.68

Sheet Book 14
A1: BOOK 14
A2: CODIGO | B2: DESCRIÇÃO | D2: LARGURA | E2: CORTE | F2: PEÇA | H2: CORTE | I2: PEÇA
A3: 14000 | B3: TELA PICASSO | D3: 3 | E3: ='Book 13'!E13 -> 36.69 | F3: ='Book 13'!F13 -> 34.94 | H3: --
A4: 14001 | B4: VOIL TRICO | D4: 3 | E4: =SUM(H4-(H4*Capa!$C$1)) -> 32.28 | F4: =SUM(I4-(I4*Capa!$C$1)) -> 30.67 | H4: 32.28 | I4: 30.67
A5: 14002 | B5: VOIL LINHO EGITO | D5: 2.8 | E5: =SUM(H5-(H5*Capa!$C$1)) -> 35.97 | F5: =SUM(I5-(I5*Capa!$C$1)) -> 34.17 | H5: 35.97 | I5: 34.17
A6: 14003 | B6: VOIL DAMASCO | D6: 3 | E6: =SUM(H6-(H6*Capa!$C$1)) -> 29.35 | F6: =SUM(I6-(I6*Capa!$C$1)) -> 27.88 | H6: 29.35 | I6: 27.88
A7: 14004 | B7: VOIL LUXOR | D7: 3 | E7: =SUM(H7-(H7*Capa!$C$1)) -> 40.95 | F7: =SUM(I7-(I7*Capa!$C$1)) -> 38.9 | H7: 40.95 | I7: 38.9
A8: 14005 | B8: VOIL LEDA RUSTICO | D8: 2.8 | E8: =SUM(H8-(H8*Capa!$C$1)) -> 22.45 | F8: =SUM(I8-(I8*Capa!$C$1)) -> 21.33 | H8: 22.45 | I8: 21.33
A9: 14006 | B9: VOIL LEDA | D9: 3 | E9: =SUM(H9-(H9*Capa!$C$1)) -> 18.2 | F9: =SUM(I9-(I9*Capa!$C$1)) -> 17.29 | H9: 18.2 | I9: 17.29
A10: 14007 | B10: VOIL GAZE DE LINHO | D10: 2.8 | E10: =SUM(H10-(H10*Capa!$C$1)) -> 27.4 | F10: =SUM(I10-(I10*Capa!$C$1)) -> 26.03 | H10: 27.4 | I10: 26.03
A11: 14009 | B11: VOIL LINHO NATURE | D11: 2.8 | E11: =SUM(H11-(H11*Capa!$C$1)) -> 28.56 | F11: =SUM(I11-(I11*Capa!$C$1)) -> 27.13 | H11: 28.56 | I11: 27.13
A12: 14010 | B12: VOIL SHANTUNG LINEN | D12: 2.8 | E12: =SUM(H12-(H12*Capa!$C$1)) -> 38.53 | F12: =SUM(I12-(I12*Capa!$C$1)) -> 36.6 | H12: 38.53 | I12: 36.6
A13: 14011 | B13: VOIL PERSA | D13: 3 | E13: =SUM(H13-(H13*Capa!$C$1)) -> 27.94 | F13: =SUM(I13-(I13*Capa!$C$1)) -> 26.61 | H13: 27.94 | I13: 26.61
A14: 14012 | B14: VOIL DOLLY | D14: 2.8 | E14: =SUM(H14-(H14*Capa!$C$1)) -> 15.48 | F14: =SUM(I14-(I14*Capa!$C$1)) -> 14.71 | H14: 15.48 | I14: 14.71
A15: 14013 | B15: VOIL CHIFFON LISO | D15: 2.8 | E15: =SUM(H15-(H15*Capa!$C$1)) -> 17.6 | F15: =SUM(I15-(I15*Capa!$C$1)) -> 18.53 | H15: 17.6 | I15: 18.53
... A28: 14026 | B28: BLACK-OUT TECIDO CAIRO | D28: 2.8 | E28: =SUM(H28-(H28*Capa!$C$1)) -> 67.22 | F28: =SUM(I28-(I28*Capa!$C$1)) -> 63.86 | H28: 67.22 | I28: 63.86
A29: 14027 | B29: BLACK-OUT TECIDO 2,80L | D29: 2.8 | E29: ='Book 15'!E12 -> 25.29 | F29: ='Book 15'!F12 -> 24.02 | H29: --
A30: 14028 | B30: MICROFIBRA 100G 3,00L | D30: 3 | E30: =SUM(H30-(H30*Capa!$C$1)) -> 14.98 | F30: =SUM(I30-(I30*Capa!$C$1)) -> 14.23 | H30: 14.98 | I30: 14.23
A31: 14029 | B31: MICROFIBRA 65G 3,00L | D31: 3 | E31: ='Book 15'!E15 -> 9.61 | F31: ='Book 15'!F15 -> 9.12 | H31: --
A32: 14030 | B32: MICROFIBRA 65G 2,80L | D32: 2.8 | E32: ='Book 15'!E14 -> 9 | F32: ='Book 15'!F14 -> 8.56 | H32: --

Sheet Book 15
A1: BOOK 15
A2: CODIGO | B2: DESCRIÇÃO | D2: LARGURA | E2: CORTE | F2: PEÇA | H2: CORTE | I2: PEÇA
A3: 15000 | B3: BLACK-OUT BRISTOL | D3: 2.8 | E3: =SUM(H3-(H3*Capa!$C$1)) -> 54.07 | F3: =SUM(I3-(I3*Capa!$C$1)) -> 51.5 | H3: 54.07 | I3: 51.5
A4: 15001 | B4: BLACK-OUT MELBOURN | D4: 2.8 | E4: =SUM(H4-(H4*Capa!$C$1)) -> 93.74 | F4: =SUM(I4-(I4*Capa!$C$1)) -> 89.05 | H4: 93.74 | I4: 89.05
A5: 15002 | B5: BLACK-OUT SUNSHINE | D5: 2.8 | E5: =SUM(H5-(H5*Capa!$C$1)) -> 91.93 | F5: =SUM(I5-(I5*Capa!$C$1)) -> 87.33 | H5: 91.93 | I5: 87.33
A6: 15003 | B6: BLACK-OUT ATENAS | D6: 2.8 | E6: =SUM(H6-(H6*Capa!$C$1)) -> 99.16 | F6: =SUM(I6-(I6*Capa!$C$1)) -> 94.2 | H6: 99.16 | I6: 94.2
A7: 15004 | B7: BLACK-OUT KAIRO | D7: 2.8 | E7: =SUM(H7-(H7*Capa!$C$1)) -> 94.64 | F7: =SUM(I7-(I7*Capa!$C$1)) -> 89.94 | H7: 94.64 | I7: 89.94
A8: 15005 | B8: BLACK-OUT MALI | D8: 2.8 | E8: =SUM(H8-(H8*Capa!$C$1)) -> 72.71 | F8: =SUM(I8-(I8*Capa!$C$1)) -> 69.07 | H8: 72.71 | I8: 69.07
A9: 15006 | B9: BLACK-OUT MALI LIGHT | D9: 2.8 | E9: =SUM(H9-(H9*Capa!$C$1)) -> 35.66 | F9: =SUM(I9-(I9*Capa!$C$1)) -> 33.97 | H9: 35.66 | I9: 33.97
A10: 15007 | B10: BLACK-OUT ACAPULCO | D10: 2.8 | E10: =SUM(H10-(H10*Capa!$C$1)) -> 68.24 | F10: =SUM(I10-(I10*Capa!$C$1)) -> 64.83 | H10: 68.24 | I10: 64.83
A11: 15008 | B11: BLACK-OUT ATACAMA | D11: 3 | E11: =SUM(H11-(H11*Capa!$C$1)) -> 55.45 | F11: =SUM(I11-(I11*Capa!$C$1)) -> 52.68 | H11: 55.45 | I11: 52.68
A12: 15009 | B12: BLACK-OUT TECIDO 2,80 MTS | D12: 2.8 | E12: =SUM(H12-(H12*Capa!$C$1)) -> 25.29 | F12: =SUM(I12-(I12*Capa!$C$1)) -> 24.02 | H12: 25.29 | I12: 24.02
A13: 15010 | B13: BLACK-OUT TECIDO 3,00 MTS | D13: 3 | E13: =SUM(H13-(H13*Capa!$C$1)) -> 28.08 | F13: =SUM(I13-(I13*Capa!$C$1)) -> 27.63 | H13: 28.08 | I13: 27.63
A14: 15011 | B14: FORRO MICROFIBRA 2,80 MTS | D14: 2.8 | E14: =SUM(H14-(H14*Capa!$C$1)) -> 9 | F14: =SUM(I14-(I14*Capa!$C$1)) -> 8.56 | H14: 9 | I14: 8.56
... A27: 14021 | B27: BLACK-OUT SUPER BLACK LISO PRETO | D27: 2.8 | E27: =SUM(H27-(H27*Capa!$C$1)) -> 33.05 | F27: =SUM(I27-(I27*Capa!$C$1)) -> 31.4 | H27: 33.05 | I27: 31.4

Sheet Book 16
A1: BOOK 16
A2: CODIGO | B2: DESCRIÇÃO | D2: LARGURA | E2: CORTE | F2: PEÇA | H2: CORTE | I2: PEÇA
A3: 16000 | B3: GRANADO | D3: 3 | E3: =SUM(H3-(H3*Capa!$C$1)) -> 21.48 | F3: =SUM(I3-(I3*Capa!$C$1)) -> 20.46 | H3: 21.48 | I3: 20.46
A4: 16001 | B4: GRANITÉ | D4: 3 | E4: =SUM(H4-(H4*Capa!$C$1)) -> 21.48 | F4: =SUM(I4-(I4*Capa!$C$1)) -> 20.46 | H4: 21.48 | I4: 20.46
A5: 16002 | B5: OXFORD | D5: 3 | E5: =SUM(H5-(H5*Capa!$C$1)) -> 16.96 | F5: =SUM(I5-(I5*Capa!$C$1)) -> 16.15 | H5: 16.96 | I5: 16.15
A6: 16003 | B6: VELUDO | D6: 2.8 | E6: =SUM(H6-(H6*Capa!$C$1)) -> 31.49 | F6: =SUM(I6-(I6*Capa!$C$1)) -> 29.99 | H6: 31.49 | I6: 29.99
A7: 16004 | B7: SARJA | D7: 2.8 | E7: =SUM(H7-(H7*Capa!$C$1)) -> 36.19 | F7: =SUM(I7-(I7*Capa!$C$1)) -> 34.38 | H7: 36.19 | I7: 34.38
A8: 16005 | B8: MALAGA | D8: 3 | E8: =SUM(H8-(H8*Capa!$C$1)) -> 19.92 | F8: =SUM(I8-(I8*Capa!$C$1)) -> 18.97 | H8: 19.92 | I8: 18.97
A9: 16006 | B9: GUANABARA | D9: 3 | E9: =SUM(H9-(H9*Capa!$C$1)) -> 33.46 | F9: =SUM(I9-(I9*Capa!$C$1)) -> 31.78 | H9: 33.46 | I9: 31.78
A10: 16007 | B10: CETIM LISO | D10: 3 | E10: =SUM(H10-(H10*Capa!$C$1)) -> 22.8 | F10: =SUM(I10-(I10*Capa!$C$1)) -> 21.71 | H10: 22.8 | I10: 21.71
A11: 16008 | B11: PIQUET | D11: 2.5 | E11: =SUM(H11-(H11*Capa!$C$1)) -> 39.2 | F11: =SUM(I11-(I11*Capa!$C$1)) -> 37.24 | H11: 39.2 | I11: 37.24
A12: 16009 | B12: GORGURINHO | D12: 2.8 | E12: =SUM(H12-(H12*Capa!$C$1)) -> 33.27 | F12: =SUM(I12-(I12*Capa!$C$1)) -> 32.59 | H12: 33.27 | I12: 32.59
A13: 16010 | B13: BRISTOL | D13: 2.8 | E13: =SUM(H13-(H13*Capa!$C$1)) -> 35.97 | F13: =SUM(I13-(I13*Capa!$C$1)) -> 34.17 | H13: 35.97 | I13: 34.17
A14: 16011 | B14: PANAMA | D14: 2.8 | E14: =SUM(H14-(H14*Capa!$C$1)) -> 35.97 | F14: =SUM(I14-(I14*Capa!$C$1)) -> 34.17 | H14: 35.97 | I14: 34.17
... A20: 16017 | B20: JACQUARD MEDALHÃO | D20: 2.8 | E20: =SUM(H20-(H20*Capa!$C$1)) -> 35.97 | F20: =SUM(I20-(I20*Capa!$C$1)) -> 34.17 | H20: 35.97 | I20: 34.17

Sheet Trilho Motorizado
A2: TRILHO MOTORIZADO NA COR BRANCA/PRETA COM CONTROLE DE 1 CANAL
A3: 5 ANOS DE GARANTIA
A4: ACESSÓRIOS PARA MONTAGEM NA MEDIDA ESCOLHIDA INCLUSOS
A5: *MODELO WAVE PLUS NÃO ACOMPANHA A ENTRETELA QUE DEVE SER ADQUIRIDA SEPARADAMENTE
A6: *MODELO WAVE BOTÃO NÃO ACOMPANHA A FITA QUE DEVE SER ADQUIRIDA SEPARADAMENTE
A7: ESPECIFICAÇÕES TECNICAS | B7: MEDIDA | C7: FRANZIDO | E7: WAVE PLUS* | G7: WAVE BOTÃO* | J7: MEDIDA | K7: FRANZIDO | L7: WAVE PLUS | M7: WAVE BOTÃO
A8: -MOTOR BIVOLT COM 2NM -CARREGA ATÉ 100KG COM 2 METROS DE TRILHO E 45KG COM 12 METROS DE TRILHO -WIFI, RF 433,92 MHZ E CONTATO LÓGICO -APLICATIVO DISPONÍVEL PARA SMARTPHONE ANDROID E IOS -MOTOR SILENCIOSO, RODÍZIOS COM RODAS PARA MENOR ATRITO NO TRILHO -CONEXÃO PARA AUTOMAÇÃO COM CONTROLE POR VOZ (ALEXA E GOOGLE ASSISTENTE) -FIM DE CURSO SUAVE -ACIONAMENTO AUTOMÁTICO AO PUXAR A CORTINA | B8: ATÉ 1,00 | C8: =SUM(K8-(K8*Capa!$C$1)) -> 1020.83 | E8: =SUM(L8-(L8*Capa!$C$1)) -> 1043.48 | G8: =SUM(M8-(M8*Capa!$C$1)) -> 1048.02 | J8: ATÉ 1,00 | K8: 1020.83 | L8: 1043.48 | M8: 1048.02
B9: 1,01 a 1,50 | C9: =SUM(K9-(K9*Capa!$C$1)) -> 1086.37 | E9: =SUM(L9-(L9*Capa!$C$1)) -> 1098.86 | G9: =SUM(M9-(M9*Capa!$C$1)) -> 1124.75 | J9: 1,01 a 1,50 | K9: 1086.37 | L9: 1098.86 | M9: 1124.75
B10: 1,51 a 2,00 | C10: =SUM(K10-(K10*Capa!$C$1)) -> 1151.91 | E10: =SUM(L10-(L10*Capa!$C$1)) -> 1154.25 | G10: =SUM(M10-(M10*Capa!$C$1)) -> 1201.49 | J10: 1,51 a 2,00 | K10: 1151.91 | L10: 1154.25 | M10: 1201.49
B11: 2,01 a 2,50 | C11: =SUM(K11-(K11*Capa!$C$1)) -> 1158.78 | E11: =SUM(L11-(L11*Capa!$C$1)) -> 1189.63 | G11: =SUM(M11-(M11*Capa!$C$1)) -> 1260.99 | J11: 2,01 a 2,50 | K11: 1158.78 | L11: 1189.63 | M11: 1260.99
B12: 2,51 a 3,00 | C12: =SUM(K12-(K12*Capa!$C$1)) -> 1207.05 | E12: =SUM(L12-(L12*Capa!$C$1)) -> 1245.02 | G12: =SUM(M12-(M12*Capa!$C$1)) -> 1320.5 | J12: 2,51 a 3,00 | K12: 1207.05 | L12: 1245.02 | M12: 1320.5
B13: 3,01 a 3,50 | C13: =SUM(K13-(K13*Capa!$C$1)) -> 1251.07 | E13: =SUM(L13-(L13*Capa!$C$1)) -> 1290.08 | G13: =SUM(M13-(M13*Capa!$C$1)) -> 1374.87 | J13: 3,01 a 3,50 | K13: 1251.07 | L13: 1290.08 | M13: 1374.87
B14: 3,51 a 4,00 | C14: =SUM(K14-(K14*Capa!$C$1)) -> 1295.09 | E14: =SUM(L14-(L14*Capa!$C$1)) -> 1335.15 | G14: =SUM(M14-(M14*Capa!$C$1)) -> 1429.25 | J14: 3,51 a 4,00 | K14: 1295.09 | L14: 1335.15 | M14: 1429.25
B15: 4,01 a 4,50 | C15: =SUM(K15-(K15*Capa!$C$1)) -> 1346.96 | E15: =SUM(L15-(L15*Capa!$C$1)) -> 1388.62 | G15: =SUM(M15-(M15*Capa!$C$1)) -> 1491.67 | J15: 4,01 a 4,50 | K15: 1346.96 | L15: 1388.62 | M15: 1491.67
B16: 4,51 a 5,00 | C16: =SUM(K16-(K16*Capa!$C$1)) -> 1394.95 | E16: =SUM(L16-(L16*Capa!$C$1)) -> 1438.1 | G16: =SUM(M16-(M16*Capa!$C$1)) -> 1554.1 | J16: 4,51 a 5,00 | K16: 1394.95 | L16: 1438.1 | M16: 1554.1
B17: 5,01 a 5,50 | C17: =SUM(K17-(K17*Capa!$C$1)) -> 1493.58 | E17: =SUM(L17-(L17*Capa!$C$1)) -> 1524.07 | G17: =SUM(M17-(M17*Capa!$C$1)) -> 1615.42 | J17: 5,01 a 5,50 | K17: 1493.58 | L17: 1524.07 | M17: 1615.42
B18: 5,51 a 6,00 | C18: =SUM(K18-(K18*Capa!$C$1)) -> 1577.8 | E18: =SUM(L18-(L18*Capa!$C$1)) -> 1610.05 | G18: =SUM(M18-(M18*Capa!$C$1)) -> 1674.75 | J18: 5,51 a 6,00 | K18: 1577.8 | L18: 1610.05 | M18: 1674.75
B19: 6,01 a 6,50 | C19: =SUM(K19-(K19*Capa!$C$1)) -> 1648.86 | E19: =SUM(L19-(L19*Capa!$C$1)) -> 1682.52 | G19: =SUM(M19-(M19*Capa!$C$1)) -> 1755.02 | J19: 6,01 a 6,50 | K19: 1648.86 | L19: 1682.52 | M19: 1755.02
B20: 6,51 a 7,00 | C20: =SUM(K20-(K20*Capa!$C$1)) -> 1719.9 | E20: =SUM(L20-(L20*Capa!$C$1)) -> 1755 | G20: =SUM(M20-(M20*Capa!$C$1)) -> 1835.3 | J20: 6,51 a 7,00 | K20: 1719.9 | L20: 1755 | M20: 1835.3
... B30: 11,51 a 12,00 | C30: =SUM(K30-(K30*Capa!$C$1)) -> 2145.8 | E30: =SUM(L30-(L30*Capa!$C$1)) -> 2189.6 | G30: =SUM(M30-(M30*Capa!$C$1)) -> 2426.1 | J30: 11,51 a 12,00 | K30: 2145.8 | L30: 2189.6 | M30: 2426.1
A31: ACESSÓRIOS | J31: ACESSÓRIOS
A32: CONTROLE REMOTO DE 1 CANAL | G32: =SUM(J32-(J32*Capa!$C$1)) -> 80 | J32: 80
A33: CONTROLE REMOTO DE 2 CANAIS | G33: =SUM(J33-(J33*Capa!$C$1)) -> 120 | J33: 120
A34: CONTROLE REMOTO DE 15 CANAIS | G34: =SUM(J34-(J34*Capa!$C$1)) -> 160 | J34: 160
A35: TROCA DE CONTROLE PARA 2 CANAIS | G35: =SUM(J35-(J35*Capa!$C$1)) -> 40 | J35: 40
A36: CURVA 90º DE PVC | G36: =SUM(J36-(J36*Capa!$C$1)) -> 50 | J36: 50
A37: CURVATURA NO PROPRIO TRILHO ( NECESSITA MOLDE ) | G37: =SUM(J37) -> 249 | J37: 249
A38: ENTRETELA WAVE PLUS (POR METRO) | G38: ='Wave-Square-Retangular'!F46 -> 7.85 | J38: --
A39: FITA WAVE ( 2X1, 2,5X1, 3X1, 3,5X1, 4X1) (POR METRO) (BRANCO, BEGE, KAKI,CINZA, PRETO) | G39: ='Wave-Square-Retangular'!F47 -> 6.97 | J39: --
A40: CLIPS (UNIDADE) | G40: =Trilhos!D35 -> 0.19 | J40: --
A41: TRILHOS ACIMA DE 6MTS SERÁ ENVIADO COM EMENDA NO TRILHO (EMENDA INCLUSA)
A42: PRAZO DE ENTREGA: 7 DIAS PARA TRILHOS NOVOS E 5 DIAS PARA CONSERTO
A43: FAVOR INFORMAR O MODELO DE ABERTURA

Sheet Varão Prime Montado
A2: VARÃO PRIME MONTADO COM ACIONAMENTO
A3: CORES: CROMADO, AÇO ESCOVADO, BRANCO, PRETO,DOURADO,OURO VELHO E OURO ROSE
A4: MEDIDA | B4: 2 X 1 | C4: 2,5 X 1 | D4: 3 X 1 | E4: 3,5 X 1 | F4: 4 X 1 | G4: S/ FITA | H4: WAVE PLUS | I4: FRANZIDO | K4: MEDIDA | L4: 2 X 1 | M4: 2,5 X 1 | N4: 3 X 1 | O4: 3,5 X 1 | P4: 4 X 1 | Q4: S/ FITA | R4: WAVE PLUS | S4: FRANZIDO
A5: ATÉ 1,00 | B5: =SUM(L5-(L5*Capa!$C$1)) -> 95.984 | C5: =SUM(M5-(M5*Capa!$C$1)) -> 99.469 | D5: =SUM(N5-(N5*Capa!$C$1)) -> 102.954 | E5: =SUM(O5-(O5*Capa!$C$1)) -> 106.439 | F5: =SUM(P5-(P5*Capa!$C$1)) -> 109.924 | G5: =SUM(Q5-(Q5*Capa!$C$1)) -> 82.044 | H5: =SUM(R5-(R5*Capa!$C$1)) -> 82.044 | I5: =SUM(S5-(S5*Capa!$C$1)) -> 70.81 | K5: ATÉ 1,00 | L5: 95.984 | M5: 99.469 | N5: 102.954 | O5: 106.439 | P5: 109.924 | Q5: 82.044 | R5: 82.044 | S5: 70.81
A6: ATÉ 1,50 | B6: =SUM(L6-(L6*Capa!$C$1)) -> 120.107 | C6: =SUM(M6-(M6*Capa!$C$1)) -> 125.3345 | D6: =SUM(N6-(N6*Capa!$C$1)) -> 130.562 | E6: =SUM(O6-(O6*Capa!$C$1)) -> 135.7895 | F6: =SUM(P6-(P6*Capa!$C$1)) -> 141.017 | G6: =SUM(Q6-(Q6*Capa!$C$1)) -> 99.197 | H6: =SUM(R6-(R6*Capa!$C$1)) -> 99.197 | I6: =SUM(S6-(S6*Capa!$C$1)) -> 86.33 | K6: ATÉ 1,50 | L6: 120.107 | M6: 125.3345 | N6: 130.562 | O6: 135.7895 | P6: 141.017 | Q6: 99.197 | R6: 99.197 | S6: 86.33
A7: ATÉ 2,00 | B7: =SUM(L7-(L7*Capa!$C$1)) -> 145.45 | C7: =SUM(M7-(M7*Capa!$C$1)) -> 152.42 | D7: =SUM(N7-(N7*Capa!$C$1)) -> 159.39 | E7: =SUM(O7-(O7*Capa!$C$1)) -> 166.36 | F7: =SUM(P7-(P7*Capa!$C$1)) -> 173.33 | G7: =SUM(Q7-(Q7*Capa!$C$1)) -> 117.57 | H7: =SUM(R7-(R7*Capa!$C$1)) -> 117.57 | I7: =SUM(S7-(S7*Capa!$C$1)) -> 101.85 | K7: ATÉ 2,00 | L7: 145.45 | M7: 152.42 | N7: 159.39 | O7: 166.36 | P7: 173.33 | Q7: 117.57 | R7: 117.57 | S7: 101.85
A8: ATÉ 2,50 | B8: =SUM(L8-(L8*Capa!$C$1)) -> 168.833 | C8: =SUM(M8-(M8*Capa!$C$1)) -> 177.5455 | D8: =SUM(N8-(N8*Capa!$C$1)) -> 186.258 | E8: =SUM(O8-(O8*Capa!$C$1)) -> 194.9705 | F8: =SUM(P8-(P8*Capa!$C$1)) -> 203.683 | G8: =SUM(Q8-(Q8*Capa!$C$1)) -> 133.983 | H8: =SUM(R8-(R8*Capa!$C$1)) -> 133.983 | I8: =SUM(S8-(S8*Capa!$C$1)) -> 114.46 | K8: ATÉ 2,50 | L8: 168.833 | M8: 177.5455 | N8: 186.258 | O8: 194.9705 | P8: 203.683 | Q8: 133.983 | R8: 133.983 | S8: 114.46
A9: ATÉ 3,00 | B9: =SUM(L9-(L9*Capa!$C$1)) -> 193.974 | C9: =SUM(M9-(M9*Capa!$C$1)) -> 204.429 | D9: =SUM(N9-(N9*Capa!$C$1)) -> 214.884 | E9: =SUM(O9-(O9*Capa!$C$1)) -> 225.339 | F9: =SUM(P9-(P9*Capa!$C$1)) -> 235.794 | G9: =SUM(Q9-(Q9*Capa!$C$1)) -> 152.154 | H9: =SUM(R9-(R9*Capa!$C$1)) -> 152.154 | I9: =SUM(S9-(S9*Capa!$C$1)) -> 129.98 | K9: ATÉ 3,00 | L9: 193.974 | M9: 204.429 | N9: 214.884 | O9: 225.339 | P9: 235.794 | Q9: 152.154 | R9: 152.154 | S9: 129.98
A10: ATÉ 3,50 | B10: =SUM(L10-(L10*Capa!$C$1)) -> 217.357 | C10: =SUM(M10-(M10*Capa!$C$1)) -> 229.5545 | D10: =SUM(N10-(N10*Capa!$C$1)) -> 241.752 | E10: =SUM(O10-(O10*Capa!$C$1)) -> 253.9495 | F10: =SUM(P10-(P10*Capa!$C$1)) -> 266.147 | G10: =SUM(Q10-(Q10*Capa!$C$1)) -> 168.567 | H10: =SUM(R10-(R10*Capa!$C$1)) -> 168.567 | I10: =SUM(S10-(S10*Capa!$C$1)) -> 142.59 | K10: ATÉ 3,50 | L10: 217.357 | M10: 229.5545 | N10: 241.752 | O10: 253.9495 | P10: 266.147 | Q10: 168.567 | R10: 168.567 | S10: 142.59
A11: ATÉ 4,00 | B11: =SUM(L11-(L11*Capa!$C$1)) -> 242.108 | C11: =SUM(M11-(M11*Capa!$C$1)) -> 256.048 | D11: =SUM(N11-(N11*Capa!$C$1)) -> 269.988 | E11: =SUM(O11-(O11*Capa!$C$1)) -> 283.928 | F11: =SUM(P11-(P11*Capa!$C$1)) -> 297.868 | G11: =SUM(Q11-(Q11*Capa!$C$1)) -> 186.348 | H11: =SUM(R11-(R11*Capa!$C$1)) -> 186.348 | I11: =SUM(S11-(S11*Capa!$C$1)) -> 148.89 | K11: ATÉ 4,00 | L11: 242.108 | M11: 256.048 | N11: 269.988 | O11: 283.928 | P11: 297.868 | Q11: 186.348 | R11: 186.348 | S11: 148.89
A12: ATÉ 4,50 | B12: =SUM(L12-(L12*Capa!$C$1)) -> 265.687 | C12: =SUM(M12-(M12*Capa!$C$1)) -> 281.3695 | D12: =SUM(N12-(N12*Capa!$C$1)) -> 297.052 | E12: =SUM(O12-(O12*Capa!$C$1)) -> 312.7345 | F12: =SUM(P12-(P12*Capa!$C$1)) -> 328.417 | G12: =SUM(Q12-(Q12*Capa!$C$1)) -> 202.957 | H12: =SUM(R12-(R12*Capa!$C$1)) -> 202.957 | I12: =SUM(S12-(S12*Capa!$C$1)) -> 155.2 | K12: ATÉ 4,50 | L12: 265.687 | M12: 281.3695 | N12: 297.052 | O12: 312.7345 | P12: 328.417 | Q12: 202.957 | R12: 202.957 | S12: 155.2
A13: ATÉ 5,00 | B13: =SUM(L13-(L13*Capa!$C$1)) -> 294.71 | C13: =SUM(M13-(M13*Capa!$C$1)) -> 312.135 | D13: =SUM(N13-(N13*Capa!$C$1)) -> 329.56 | E13: =SUM(O13-(O13*Capa!$C$1)) -> 346.985 | F13: =SUM(P13-(P13*Capa!$C$1)) -> 364.41 | G13: =SUM(Q13-(Q13*Capa!$C$1)) -> 225.01 | H13: =SUM(R13-(R13*Capa!$C$1)) -> 225.01 | I13: =SUM(S13-(S13*Capa!$C$1)) -> 186.24 | K13: ATÉ 5,00 | L13: 294.71 | M13: 312.135 | N13: 329.56 | O13: 346.985 | P13: 364.41 | Q13: 225.01 | R13: 225.01 | S13: 186.24
A14: ATÉ 5,50 | B14: =SUM(L14-(L14*Capa!$C$1)) -> 315.963 | C14: =SUM(M14-(M14*Capa!$C$1)) -> 335.1305 | D14: =SUM(N14-(N14*Capa!$C$1)) -> 354.298 | E14: =SUM(O14-(O14*Capa!$C$1)) -> 373.4655 | F14: =SUM(P14-(P14*Capa!$C$1)) -> 392.633 | G14: =SUM(Q14-(Q14*Capa!$C$1)) -> 239.293 | H14: =SUM(R14-(R14*Capa!$C$1)) -> 239.293 | I14: =SUM(S14-(S14*Capa!$C$1)) -> 188.18 | K14: ATÉ 5,50 | L14: 315.963 | M14: 335.1305 | N14: 354.298 | O14: 373.4655 | P14: 392.633 | Q14: 239.293 | R14: 239.293 | S14: 188.18
A15: ATÉ 6,00 | B15: =SUM(L15-(L15*Capa!$C$1)) -> 339.36 | C15: =SUM(M15-(M15*Capa!$C$1)) -> 360.27 | D15: =SUM(N15-(N15*Capa!$C$1)) -> 381.18 | E15: =SUM(O15-(O15*Capa!$C$1)) -> 402.09 | F15: =SUM(P15-(P15*Capa!$C$1)) -> 423 | G15: =SUM(Q15-(Q15*Capa!$C$1)) -> 255.72 | H15: =SUM(R15-(R15*Capa!$C$1)) -> 255.72 | I15: =SUM(S15-(S15*Capa!$C$1)) -> 190.12 | K15: ATÉ 6,00 | L15: 339.36 | M15: 360.27 | N15: 381.18 | O15: 402.09 | P15: 423 | Q15: 255.72 | R15: 255.72 | S15: 190.12
A16: VARÃO PRIME MONTADO SEM ACIONAMENTO
A17: CORES: CROMADO, AÇO ESCOVADO, BRANCO, PRETO,DOURADO,OURO VELHO E OURO ROSE
A18: MEDIDA | B18: 2 X 1 | C18: 2,5 X 1 | D18: 3 X 1 | E18: 3,5 X 1 | F18: 4 X 1 | G18: S/ FITA | H18: WAVE PLUS | I18: FRANZIDO | K18: MEDIDA | L18: 2 X 1 | M18: 2,5 X 1 | N18: 3 X 1 | O18: 3,5 X 1 | P18: 4 X 1 | Q18: S/ FITA | R18: WAVE PLUS | S18: FRANZIDO
A19: ATÉ 1,00 | B19: =SUM(L19-(L19*Capa!$C$1)) -> 65.57 | C19: =SUM(M19-(M19*Capa!$C$1)) -> 69.055 | D19: =SUM(N19-(N19*Capa!$C$1)) -> 72.54 | E19: =SUM(O19-(O19*Capa!$C$1)) -> 76.025 | F19: =SUM(P19-(P19*Capa!$C$1)) -> 79.51 | G19: =SUM(Q19-(Q19*Capa!$C$1)) -> 51.63 | H19: =SUM(R19-(R19*Capa!$C$1)) -> 51.63 | I19: =SUM(S19-(S19*Capa!$C$1)) -> 41.71 | K19: ATÉ 1,00 | L19: 65.57 | M19: 69.055 | N19: 72.54 | O19: 76.025 | P19: 79.51 | Q19: 51.63 | R19: 51.63 | S19: 41.71
A20: ATÉ 1,50 | B20: =SUM(L20-(L20*Capa!$C$1)) -> 87.977 | C20: =SUM(M20-(M20*Capa!$C$1)) -> 93.2045 | D20: =SUM(N20-(N20*Capa!$C$1)) -> 98.432 | E20: =SUM(O20-(O20*Capa!$C$1)) -> 103.6595 | F20: =SUM(P20-(P20*Capa!$C$1)) -> 108.887 | G20: =SUM(Q20-(Q20*Capa!$C$1)) -> 67.067 | H20: =SUM(R20-(R20*Capa!$C$1)) -> 67.067 | I20: =SUM(S20-(S20*Capa!$C$1)) -> 54.32 | K20: ATÉ 1,50 | L20: 87.977 | M20: 93.2045 | N20: 98.432 | O20: 103.6595 | P20: 108.887 | Q20: 67.067 | R20: 67.067 | S20: 54.32
A21: ATÉ 2,00 | B21: =SUM(L21-(L21*Capa!$C$1)) -> 112.936 | C21: =SUM(M21-(M21*Capa!$C$1)) -> 119.906 | D21: =SUM(N21-(N21*Capa!$C$1)) -> 126.876 | E21: =SUM(O21-(O21*Capa!$C$1)) -> 133.846 | F21: =SUM(P21-(P21*Capa!$C$1)) -> 140.816 | G21: =SUM(Q21-(Q21*Capa!$C$1)) -> 85.056 | H21: =SUM(R21-(R21*Capa!$C$1)) -> 85.056 | I21: =SUM(S21-(S21*Capa!$C$1)) -> 68.87 | K21: ATÉ 2,00 | L21: 112.936 | M21: 119.906 | N21: 126.876 | O21: 133.846 | P21: 140.816 | Q21: 85.056 | R21: 85.056 | S21: 68.87
A22: ATÉ 2,50 | B22: =SUM(L22-(L22*Capa!$C$1)) -> 135.135 | C22: =SUM(M22-(M22*Capa!$C$1)) -> 143.8475 | D22: =SUM(N22-(N22*Capa!$C$1)) -> 152.56 | E22: =SUM(O22-(O22*Capa!$C$1)) -> 161.2725 | F22: =SUM(P22-(P22*Capa!$C$1)) -> 169.985 | G22: =SUM(Q22-(Q22*Capa!$C$1)) -> 100.285 | H22: =SUM(R22-(R22*Capa!$C$1)) -> 100.285 | I22: =SUM(S22-(S22*Capa!$C$1)) -> 80.51 | K22: ATÉ 2,50 | L22: 135.135 | M22: 143.8475 | N22: 152.56 | O22: 161.2725 | P22: 169.985 | Q22: 100.285 | R22: 100.285 | S22: 80.51
A23: ATÉ 3,00 | B23: =SUM(L23-(L23*Capa!$C$1)) -> 159.504 | C23: =SUM(M23-(M23*Capa!$C$1)) -> 169.959 | D23: =SUM(N23-(N23*Capa!$C$1)) -> 180.414 | E23: =SUM(O23-(O23*Capa!$C$1)) -> 190.869 | F23: =SUM(P23-(P23*Capa!$C$1)) -> 201.324 | G23: =SUM(Q23-(Q23*Capa!$C$1)) -> 117.684 | H23: =SUM(R23-(R23*Capa!$C$1)) -> 117.684 | I23: =SUM(S23-(S23*Capa!$C$1)) -> 95.06 | K23: ATÉ 3,00 | L23: 159.504 | M23: 169.959 | N23: 180.414 | O23: 190.869 | P23: 201.324 | Q23: 117.684 | R23: 117.684 | S23: 95.06
A24: ATÉ 3,50 | B24: =SUM(L24-(L24*Capa!$C$1)) -> 182.087 | C24: =SUM(M24-(M24*Capa!$C$1)) -> 194.2845 | D24: =SUM(N24-(N24*Capa!$C$1)) -> 206.482 | E24: =SUM(O24-(O24*Capa!$C$1)) -> 218.6795 | F24: =SUM(P24-(P24*Capa!$C$1)) -> 230.877 | G24: =SUM(Q24-(Q24*Capa!$C$1)) -> 133.297 | H24: =SUM(R24-(R24*Capa!$C$1)) -> 133.297 | I24: =SUM(S24-(S24*Capa!$C$1)) -> 107.67 | K24: ATÉ 3,50 | L24: 182.087 | M24: 194.2845 | N24: 206.482 | O24: 218.6795 | P24: 230.877 | Q24: 133.297 | R24: 133.297 | S24: 107.67
A25: ATÉ 4,00 | B25: =SUM(L25-(L25*Capa!$C$1)) -> 207.034 | C25: =SUM(M25-(M25*Capa!$C$1)) -> 220.974 | D25: =SUM(N25-(N25*Capa!$C$1)) -> 234.914 | E25: =SUM(O25-(O25*Capa!$C$1)) -> 248.854 | F25: =SUM(P25-(P25*Capa!$C$1)) -> 262.794 | G25: =SUM(Q25-(Q25*Capa!$C$1)) -> 151.274 | H25: =SUM(R25-(R25*Capa!$C$1)) -> 151.274 | I25: =SUM(S25-(S25*Capa!$C$1)) -> 122.22 | K25: ATÉ 4,00 | L25: 207.034 | M25: 220.974 | N25: 234.914 | O25: 248.854 | P25: 262.794 | Q25: 151.274 | R25: 151.274 | S25: 122.22
A26: ATÉ 4,50 | B26: =SUM(L26-(L26*Capa!$C$1)) -> 229.095 | C26: =SUM(M26-(M26*Capa!$C$1)) -> 244.7775 | D26: =SUM(N26-(N26*Capa!$C$1)) -> 260.46 | E26: =SUM(O26-(O26*Capa!$C$1)) -> 276.1425 | F26: =SUM(P26-(P26*Capa!$C$1)) -> 291.825 | G26: =SUM(Q26-(Q26*Capa!$C$1)) -> 166.365 | H26: =SUM(R26-(R26*Capa!$C$1)) -> 166.365 | I26: =SUM(S26-(S26*Capa!$C$1)) -> 133.86 | K26: ATÉ 4,50 | L26: 229.095 | M26: 244.7775 | N26: 260.46 | O26: 276.1425 | P26: 291.825 | Q26: 166.365 | R26: 166.365 | S26: 133.86
A27: ATÉ 5,00 | B27: =SUM(L27-(L27*Capa!$C$1)) -> 258.458 | C27: =SUM(M27-(M27*Capa!$C$1)) -> 275.883 | D27: =SUM(N27-(N27*Capa!$C$1)) -> 293.308 | E27: =SUM(O27-(O27*Capa!$C$1)) -> 310.733 | F27: =SUM(P27-(P27*Capa!$C$1)) -> 328.158 | G27: =SUM(Q27-(Q27*Capa!$C$1)) -> 188.758 | H27: =SUM(R27-(R27*Capa!$C$1)) -> 188.758 | I27: =SUM(S27-(S27*Capa!$C$1)) -> 149.38 | K27: ATÉ 5,00 | L27: 258.458 | M27: 275.883 | N27: 293.308 | O27: 310.733 | P27: 328.158 | Q27: 188.758 | R27: 188.758 | S27: 149.38
A28: ATÉ 5,50 | B28: =SUM(L28-(L28*Capa!$C$1)) -> 279.701 | C28: =SUM(M28-(M28*Capa!$C$1)) -> 298.8685 | D28: =SUM(N28-(N28*Capa!$C$1)) -> 318.036 | E28: =SUM(O28-(O28*Capa!$C$1)) -> 337.2035 | F28: =SUM(P28-(P28*Capa!$C$1)) -> 356.371 | G28: =SUM(Q28-(Q28*Capa!$C$1)) -> 203.031 | H28: =SUM(R28-(R28*Capa!$C$1)) -> 203.031 | I28: =SUM(S28-(S28*Capa!$C$1)) -> 162.47 | K28: ATÉ 5,50 | L28: 279.701 | M28: 298.8685 | N28: 318.036 | O28: 337.2035 | P28: 356.371 | Q28: 203.031 | R28: 203.031 | S28: 162.47
A29: ATÉ 6,00 | B29: =SUM(L29-(L29*Capa!$C$1)) -> 300.948 | C29: =SUM(M29-(M29*Capa!$C$1)) -> 321.858 | D29: =SUM(N29-(N29*Capa!$C$1)) -> 342.768 | E29: =SUM(O29-(O29*Capa!$C$1)) -> 363.678 | F29: =SUM(P29-(P29*Capa!$C$1)) -> 384.588 | G29: =SUM(Q29-(Q29*Capa!$C$1)) -> 217.308 | H29: =SUM(R29-(R29*Capa!$C$1)) -> 217.308 | I29: =SUM(S29-(S29*Capa!$C$1)) -> 175.57 | K29: ATÉ 6,00 | L29: 300.948 | M29: 321.858 | N29: 342.768 | O29: 363.678 | P29: 384.588 | Q29: 217.308 | R29: 217.308 | S29: 175.57
A30: SUPORTES
A31: STYT | B31: SUPORTE SIMPLES BARI C/ TRAVA *LANÇAMENTO | I31: ='Wave-Square-Retangular'!G18 -> 9.66
A32: STY | B32: SUPORTE SIMPLES BARI | I32: ='Wave-Square-Retangular'!G19 -> 9.66
A33: STDYT | B33: SUPORTE DUPLO BARI C/ TRAVA *LANÇAMENTO | I33: ='Wave-Square-Retangular'!G20 -> 14.7
A34: STDY | B34: SUPORTE DUPLO BARI | I34: ='Wave-Square-Retangular'!G21 -> 14.7
A35: CLTST | B35: SUPORTE CHAPA SIMPLES P/ TETO C/ TRAVA BRANCO / PRETO *LANÇAMENTO | I35: ='Wave-Square-Retangular'!G22 -> 4.74
A36: CLTS | B36: SUPORTE CHAPA SIMPLES P/ TETO BRANCO / PRETO | I36: ='Wave-Square-Retangular'!G23 -> 4.74
A37: CLTDAT | B37: SUPORTE CHAPA DUPLO P/ TETO C/ TRAVA BRANCO / PRETO *LANÇAMENTO | I37: ='Wave-Square-Retangular'!G24 -> 7.59
A38: CLTDA | B38: SUPORTE CHAPA DUPLO P/ TETO BRANCO / PRETO | I38: ='Wave-Square-Retangular'!G25 -> 7.59
A39: SLR | B39: SUPORTE L COM REGULAGEM DUPLO 7 X 12 | I39: ='Wave-Square-Retangular'!G29 -> 11.5
A40: SSW | B40: SUPORTE L SIMPLES 7 X 7 P/ WAVE | I40: ='Wave-Square-Retangular'!G30 -> 9.66
A41: SLMA | B41: SUPORTE SIMPLES MASTER | I41: ='Wave-Square-Retangular'!G31 -> 29.36
A42: SLDMI | B42: SUPORTE DUPLO ALONGADO MASTER | I42: ='Wave-Square-Retangular'!G32 -> 45.23
A43: EMENDA
A44: EML | B44: EMENDA PARA VARÃO WAVE | I44: ='Wave-Square-Retangular'!F63 -> 11.95
A45: SCW | B45: COTOVELO PARA VARÃO WAVE | I45: ='Wave-Square-Retangular'!F64 -> 19.98
G46: --MODELO WAVE PLUS NÃO ACOMPANHA A ENTRETELA QUE DEVE SER ADQUIRIDA SEPARADAMENTE -PRAZO DE ENTREGA: 7 DIAS PARA VARÕES NOVOS E 5 DIAS PARA CONSERTO -FAVOR INFORMAR A ALTURA DO COMANDO DAS CORDAS E O MODELO DE ABERTURA

Sheet Trilho Slim Montado
A2: TRILHO SLIM MONTADO COM ACIONAMENTO NO MODELO COM ABA OU COM PRESILHA
A3: COR: BRANCO E PRETO
A4: MEDIDA | B4: 2 X 1 | C4: 2,5 X 1 | D4: 3 X 1 | E4: 3,5 X 1 | F4: 4 X 1 | G4: S/ FITA | H4: WAVE PLUS | I4: FRANZIDO | K4: MEDIDA | L4: 2 X 1 | M4: 2,5 X 1 | N4: 3 X 1 | O4: 3,5 X 1 | P4: 4 X 1 | Q4: S/ FITA | R4: WAVE PLUS | S4: FRANZIDO
A5: ATÉ 1,00 | B5: =SUM(L5-(L5*Capa!$C$1)) -> 71.746 | C5: =SUM(M5-(M5*Capa!$C$1)) -> 75.231 | D5: =SUM(N5-(N5*Capa!$C$1)) -> 78.716 | E5: =SUM(O5-(O5*Capa!$C$1)) -> 82.201 | F5: =SUM(P5-(P5*Capa!$C$1)) -> 85.686 | G5: =SUM(Q5-(Q5*Capa!$C$1)) -> 57.806 | H5: =SUM(R5-(R5*Capa!$C$1)) -> 57.806 | I5: =SUM(S5-(S5*Capa!$C$1)) -> 50.35 | K5: ATÉ 1,00 | L5: 71.746 | M5: 75.231 | N5: 78.716 | O5: 82.201 | P5: 85.686 | Q5: 57.806 | R5: 57.806 | S5: 50.35
A6: ATÉ 1,50 | B6: =SUM(L6-(L6*Capa!$C$1)) -> 86.141 | C6: =SUM(M6-(M6*Capa!$C$1)) -> 91.3685 | D6: =SUM(N6-(N6*Capa!$C$1)) -> 96.596 | E6: =SUM(O6-(O6*Capa!$C$1)) -> 101.8235 | F6: =SUM(P6-(P6*Capa!$C$1)) -> 107.051 | G6: =SUM(Q6-(Q6*Capa!$C$1)) -> 65.231 | H6: =SUM(R6-(R6*Capa!$C$1)) -> 65.231 | I6: =SUM(S6-(S6*Capa!$C$1)) -> 57 | K6: ATÉ 1,50 | L6: 86.141 | M6: 91.3685 | N6: 96.596 | O6: 101.8235 | P6: 107.051 | Q6: 65.231 | R6: 65.231 | S6: 57
A7: ATÉ 2,00 | B7: =SUM(L7-(L7*Capa!$C$1)) -> 104.144 | C7: =SUM(M7-(M7*Capa!$C$1)) -> 111.114 | D7: =SUM(N7-(N7*Capa!$C$1)) -> 118.084 | E7: =SUM(O7-(O7*Capa!$C$1)) -> 125.054 | F7: =SUM(P7-(P7*Capa!$C$1)) -> 132.024 | G7: =SUM(Q7-(Q7*Capa!$C$1)) -> 76.264 | H7: =SUM(R7-(R7*Capa!$C$1)) -> 76.264 | I7: =SUM(S7-(S7*Capa!$C$1)) -> 63.65 | K7: ATÉ 2,00 | L7: 104.144 | M7: 111.114 | N7: 118.084 | O7: 125.054 | P7: 132.024 | Q7: 76.264 | R7: 76.264 | S7: 63.65
A8: ATÉ 2,50 | B8: =SUM(L8-(L8*Capa!$C$1)) -> 120.249 | C8: =SUM(M8-(M8*Capa!$C$1)) -> 128.9615 | D8: =SUM(N8-(N8*Capa!$C$1)) -> 137.674 | E8: =SUM(O8-(O8*Capa!$C$1)) -> 146.3865 | F8: =SUM(P8-(P8*Capa!$C$1)) -> 155.099 | G8: =SUM(Q8-(Q8*Capa!$C$1)) -> 85.399 | H8: =SUM(R8-(R8*Capa!$C$1)) -> 85.399 | I8: =SUM(S8-(S8*Capa!$C$1)) -> 70.3 | K8: ATÉ 2,50 | L8: 120.249 | M8: 128.9615 | N8: 137.674 | O8: 146.3865 | P8: 155.099 | Q8: 85.399 | R8: 85.399 | S8: 70.3
A9: ATÉ 3,00 | B9: =SUM(L9-(L9*Capa!$C$1)) -> 138.052 | C9: =SUM(M9-(M9*Capa!$C$1)) -> 148.507 | D9: =SUM(N9-(N9*Capa!$C$1)) -> 158.962 | E9: =SUM(O9-(O9*Capa!$C$1)) -> 169.417 | F9: =SUM(P9-(P9*Capa!$C$1)) -> 179.872 | G9: =SUM(Q9-(Q9*Capa!$C$1)) -> 96.232 | H9: =SUM(R9-(R9*Capa!$C$1)) -> 96.232 | I9: =SUM(S9-(S9*Capa!$C$1)) -> 76.95 | K9: ATÉ 3,00 | L9: 138.052 | M9: 148.507 | N9: 158.962 | O9: 169.417 | P9: 179.872 | Q9: 96.232 | R9: 96.232 | S9: 76.95
A10: ATÉ 3,50 | B10: =SUM(L10-(L10*Capa!$C$1)) -> 154.157 | C10: =SUM(M10-(M10*Capa!$C$1)) -> 166.3545 | D10: =SUM(N10-(N10*Capa!$C$1)) -> 178.552 | E10: =SUM(O10-(O10*Capa!$C$1)) -> 190.7495 | F10: =SUM(P10-(P10*Capa!$C$1)) -> 202.947 | G10: =SUM(Q10-(Q10*Capa!$C$1)) -> 105.367 | H10: =SUM(R10-(R10*Capa!$C$1)) -> 105.367 | I10: =SUM(S10-(S10*Capa!$C$1)) -> 83.6 | K10: ATÉ 3,50 | L10: 154.157 | M10: 166.3545 | N10: 178.552 | O10: 190.7495 | P10: 202.947 | Q10: 105.367 | R10: 105.367 | S10: 83.6
A11: ATÉ 4,00 | B11: =SUM(L11-(L11*Capa!$C$1)) -> 170.07 | C11: =SUM(M11-(M11*Capa!$C$1)) -> 184.01 | D11: =SUM(N11-(N11*Capa!$C$1)) -> 197.95 | E11: =SUM(O11-(O11*Capa!$C$1)) -> 211.89 | F11: =SUM(P11-(P11*Capa!$C$1)) -> 225.83 | G11: =SUM(Q11-(Q11*Capa!$C$1)) -> 114.31 | H11: =SUM(R11-(R11*Capa!$C$1)) -> 114.31 | I11: =SUM(S11-(S11*Capa!$C$1)) -> 90.25 | K11: ATÉ 4,00 | L11: 170.07 | M11: 184.01 | N11: 197.95 | O11: 211.89 | P11: 225.83 | Q11: 114.31 | R11: 114.31 | S11: 90.25
A12: ATÉ 4,50 | B12: =SUM(L12-(L12*Capa!$C$1)) -> 185.595 | C12: =SUM(M12-(M12*Capa!$C$1)) -> 201.2775 | D12: =SUM(N12-(N12*Capa!$C$1)) -> 216.96 | E12: =SUM(O12-(O12*Capa!$C$1)) -> 232.6425 | F12: =SUM(P12-(P12*Capa!$C$1)) -> 248.325 | G12: =SUM(Q12-(Q12*Capa!$C$1)) -> 122.865 | H12: =SUM(R12-(R12*Capa!$C$1)) -> 122.865 | I12: =SUM(S12-(S12*Capa!$C$1)) -> 96.9 | K12: ATÉ 4,50 | L12: 185.595 | M12: 201.2775 | N12: 216.96 | O12: 232.6425 | P12: 248.325 | Q12: 122.865 | R12: 122.865 | S12: 96.9
A13: ATÉ 5,00 | B13: =SUM(L13-(L13*Capa!$C$1)) -> 209.756 | C13: =SUM(M13-(M13*Capa!$C$1)) -> 227.181 | D13: =SUM(N13-(N13*Capa!$C$1)) -> 244.606 | E13: =SUM(O13-(O13*Capa!$C$1)) -> 262.031 | F13: =SUM(P13-(P13*Capa!$C$1)) -> 279.456 | G13: =SUM(Q13-(Q13*Capa!$C$1)) -> 140.056 | H13: =SUM(R13-(R13*Capa!$C$1)) -> 140.056 | I13: =SUM(S13-(S13*Capa!$C$1)) -> 112.1 | K13: ATÉ 5,00 | L13: 209.756 | M13: 227.181 | N13: 244.606 | O13: 262.031 | P13: 279.456 | Q13: 140.056 | R13: 140.056 | S13: 112.1
A14: ATÉ 5,50 | B14: =SUM(L14-(L14*Capa!$C$1)) -> 221.349 | C14: =SUM(M14-(M14*Capa!$C$1)) -> 240.5165 | D14: =SUM(N14-(N14*Capa!$C$1)) -> 259.684 | E14: =SUM(O14-(O14*Capa!$C$1)) -> 278.8515 | F14: =SUM(P14-(P14*Capa!$C$1)) -> 298.019 | G14: =SUM(Q14-(Q14*Capa!$C$1)) -> 144.679 | H14: =SUM(R14-(R14*Capa!$C$1)) -> 144.679 | I14: =SUM(S14-(S14*Capa!$C$1)) -> 114.47 | K14: ATÉ 5,50 | L14: 221.349 | M14: 240.5165 | N14: 259.684 | O14: 278.8515 | P14: 298.019 | Q14: 144.679 | R14: 144.679 | S14: 114.47
A15: ATÉ 6,00 | B15: =SUM(L15-(L15*Capa!$C$1)) -> 232.948 | C15: =SUM(M15-(M15*Capa!$C$1)) -> 253.858 | D15: =SUM(N15-(N15*Capa!$C$1)) -> 274.768 | E15: =SUM(O15-(O15*Capa!$C$1)) -> 295.678 | F15: =SUM(P15-(P15*Capa!$C$1)) -> 316.588 | G15: =SUM(Q15-(Q15*Capa!$C$1)) -> 149.308 | H15: =SUM(R15-(R15*Capa!$C$1)) -> 149.308 | I15: =SUM(S15-(S15*Capa!$C$1)) -> 116.85 | K15: ATÉ 6,00 | L15: 232.948 | M15: 253.858 | N15: 274.768 | O15: 295.678 | P15: 316.588 | Q15: 149.308 | R15: 149.308 | S15: 116.85
A16: TRILHO SLIM MONTADO SEM ACIONAMENTO NO MODELO COM ABA OU COM PRESILHA
A17: COR: BRANCO E PRETO
A18: MEDIDA | B18: 2 X 1 | C18: 2,5 X 1 | D18: 3 X 1 | E18: 3,5 X 1 | F18: 4 X 1 | G18: S/ FITA | H18: WAVE PLUS | I18: FRANZIDO | K18: MEDIDA | L18: 2 X 1 | M18: 2,5 X 1 | N18: 3 X 1 | O18: 3,5 X 1 | P18: 4 X 1 | Q18: S/ FITA | R18: WAVE PLUS | S18: FRANZIDO
A19: ATÉ 1,00 | B19: =SUM(L19-(L19*Capa!$C$1)) -> 55.838 | C19: =SUM(M19-(M19*Capa!$C$1)) -> 59.323 | D19: =SUM(N19-(N19*Capa!$C$1)) -> 62.808 | E19: =SUM(O19-(O19*Capa!$C$1)) -> 66.293 | F19: =SUM(P19-(P19*Capa!$C$1)) -> 69.778 | G19: =SUM(Q19-(Q19*Capa!$C$1)) -> 41.898 | H19: =SUM(R19-(R19*Capa!$C$1)) -> 41.898 | I19: =SUM(S19-(S19*Capa!$C$1)) -> 36.1 | K19: ATÉ 1,00 | L19: 55.838 | M19: 59.323 | N19: 62.808 | O19: 66.293 | P19: 69.778 | Q19: 41.898 | R19: 41.898 | S19: 36.1
A20: ATÉ 1,50 | B20: =SUM(L20-(L20*Capa!$C$1)) -> 65.763 | C20: =SUM(M20-(M20*Capa!$C$1)) -> 70.9905 | D20: =SUM(N20-(N20*Capa!$C$1)) -> 76.218 | E20: =SUM(O20-(O20*Capa!$C$1)) -> 81.4455 | F20: =SUM(P20-(P20*Capa!$C$1)) -> 86.673 | G20: =SUM(Q20-(Q20*Capa!$C$1)) -> 44.853 | H20: =SUM(R20-(R20*Capa!$C$1)) -> 44.853 | I20: =SUM(S20-(S20*Capa!$C$1)) -> 39.9 | K20: ATÉ 1,50 | L20: 65.763 | M20: 70.9905 | N20: 76.218 | O20: 81.4455 | P20: 86.673 | Q20: 44.853 | R20: 44.853 | S20: 39.9
A21: ATÉ 2,00 | B21: =SUM(L21-(L21*Capa!$C$1)) -> 81.686 | C21: =SUM(M21-(M21*Capa!$C$1)) -> 88.656 | D21: =SUM(N21-(N21*Capa!$C$1)) -> 95.626 | E21: =SUM(O21-(O21*Capa!$C$1)) -> 102.596 | F21: =SUM(P21-(P21*Capa!$C$1)) -> 109.566 | G21: =SUM(Q21-(Q21*Capa!$C$1)) -> 53.806 | H21: =SUM(R21-(R21*Capa!$C$1)) -> 53.806 | I21: =SUM(S21-(S21*Capa!$C$1)) -> 47.5 | K21: ATÉ 2,00 | L21: 81.686 | M21: 88.656 | N21: 95.626 | O21: 102.596 | P21: 109.566 | Q21: 53.806 | R21: 53.806 | S21: 47.5
A22: ATÉ 2,50 | B22: =SUM(L22-(L22*Capa!$C$1)) -> 97.039 | C22: =SUM(M22-(M22*Capa!$C$1)) -> 105.7515 | D22: =SUM(N22-(N22*Capa!$C$1)) -> 114.464 | E22: =SUM(O22-(O22*Capa!$C$1)) -> 123.1765 | F22: =SUM(P22-(P22*Capa!$C$1)) -> 131.889 | G22: =SUM(Q22-(Q22*Capa!$C$1)) -> 62.189 | H22: =SUM(R22-(R22*Capa!$C$1)) -> 62.189 | I22: =SUM(S22-(S22*Capa!$C$1)) -> 52.25 | K22: ATÉ 2,50 | L22: 97.039 | M22: 105.7515 | N22: 114.464 | O22: 123.1765 | P22: 131.889 | Q22: 62.189 | R22: 62.189 | S22: 52.25
A23: ATÉ 3,00 | B23: =SUM(L23-(L23*Capa!$C$1)) -> 113.144 | C23: =SUM(M23-(M23*Capa!$C$1)) -> 123.599 | D23: =SUM(N23-(N23*Capa!$C$1)) -> 134.054 | E23: =SUM(O23-(O23*Capa!$C$1)) -> 144.509 | F23: =SUM(P23-(P23*Capa!$C$1)) -> 154.964 | G23: =SUM(Q23-(Q23*Capa!$C$1)) -> 71.324 | H23: =SUM(R23-(R23*Capa!$C$1)) -> 71.324 | I23: =SUM(S23-(S23*Capa!$C$1)) -> 57.95 | K23: ATÉ 3,00 | L23: 113.144 | M23: 123.599 | N23: 134.054 | O23: 144.509 | P23: 154.964 | Q23: 71.324 | R23: 71.324 | S23: 57.95
A24: ATÉ 3,50 | B24: =SUM(L24-(L24*Capa!$C$1)) -> 125.011 | C24: =SUM(M24-(M24*Capa!$C$1)) -> 137.2085 | D24: =SUM(N24-(N24*Capa!$C$1)) -> 149.406 | E24: =SUM(O24-(O24*Capa!$C$1)) -> 161.6035 | F24: =SUM(P24-(P24*Capa!$C$1)) -> 173.801 | G24: =SUM(Q24-(Q24*Capa!$C$1)) -> 76.221 | H24: =SUM(R24-(R24*Capa!$C$1)) -> 76.221 | I24: =SUM(S24-(S24*Capa!$C$1)) -> 60.8 | K24: ATÉ 3,50 | L24: 125.011 | M24: 137.2085 | N24: 149.406 | O24: 161.6035 | P24: 173.801 | Q24: 76.221 | R24: 76.221 | S24: 60.8
A25: ATÉ 4,00 | B25: =SUM(L25-(L25*Capa!$C$1)) -> 140.924 | C25: =SUM(M25-(M25*Capa!$C$1)) -> 154.864 | D25: =SUM(N25-(N25*Capa!$C$1)) -> 168.804 | E25: =SUM(O25-(O25*Capa!$C$1)) -> 182.744 | F25: =SUM(P25-(P25*Capa!$C$1)) -> 196.684 | G25: =SUM(Q25-(Q25*Capa!$C$1)) -> 85.164 | H25: =SUM(R25-(R25*Capa!$C$1)) -> 85.164 | I25: =SUM(S25-(S25*Capa!$C$1)) -> 70.3 | K25: ATÉ 4,00 | L25: 140.924 | M25: 154.864 | N25: 168.804 | O25: 182.744 | P25: 196.684 | Q25: 85.164 | R25: 85.164 | S25: 70.3
A26: ATÉ 4,50 | B26: =SUM(L26-(L26*Capa!$C$1)) -> 154.459 | C26: =SUM(M26-(M26*Capa!$C$1)) -> 170.1415 | D26: =SUM(N26-(N26*Capa!$C$1)) -> 185.824 | E26: =SUM(O26-(O26*Capa!$C$1)) -> 201.5065 | F26: =SUM(P26-(P26*Capa!$C$1)) -> 217.189 | G26: =SUM(Q26-(Q26*Capa!$C$1)) -> 91.729 | H26: =SUM(R26-(R26*Capa!$C$1)) -> 91.729 | I26: =SUM(S26-(S26*Capa!$C$1)) -> 75.05 | K26: ATÉ 4,50 | L26: 154.459 | M26: 170.1415 | N26: 185.824 | O26: 201.5065 | P26: 217.189 | Q26: 91.729 | R26: 91.729 | S26: 75.05
A27: ATÉ 5,00 | B27: =SUM(L27-(L27*Capa!$C$1)) -> 173.684 | C27: =SUM(M27-(M27*Capa!$C$1)) -> 191.109 | D27: =SUM(N27-(N27*Capa!$C$1)) -> 208.534 | E27: =SUM(O27-(O27*Capa!$C$1)) -> 225.959 | F27: =SUM(P27-(P27*Capa!$C$1)) -> 243.384 | G27: =SUM(Q27-(Q27*Capa!$C$1)) -> 103.984 | H27: =SUM(R27-(R27*Capa!$C$1)) -> 103.984 | I27: =SUM(S27-(S27*Capa!$C$1)) -> 91.2 | K27: ATÉ 5,00 | L27: 173.684 | M27: 191.109 | N27: 208.534 | O27: 225.959 | P27: 243.384 | Q27: 103.984 | R27: 103.984 | S27: 91.2
A28: ATÉ 5,50 | B28: =SUM(L28-(L28*Capa!$C$1)) -> 186.603 | C28: =SUM(M28-(M28*Capa!$C$1)) -> 205.7705 | D28: =SUM(N28-(N28*Capa!$C$1)) -> 224.938 | E28: =SUM(O28-(O28*Capa!$C$1)) -> 244.1055 | F28: =SUM(P28-(P28*Capa!$C$1)) -> 263.273 | G28: =SUM(Q28-(Q28*Capa!$C$1)) -> 109.933 | H28: =SUM(R28-(R28*Capa!$C$1)) -> 109.933 | I28: =SUM(S28-(S28*Capa!$C$1)) -> 93.57 | K28: ATÉ 5,50 | L28: 186.603 | M28: 205.7705 | N28: 224.938 | O28: 244.1055 | P28: 263.273 | Q28: 109.933 | R28: 109.933 | S28: 93.57
A29: ATÉ 6,00 | B29: =SUM(L29-(L29*Capa!$C$1)) -> 195.528 | C29: =SUM(M29-(M29*Capa!$C$1)) -> 216.438 | D29: =SUM(N29-(N29*Capa!$C$1)) -> 237.348 | E29: =SUM(O29-(O29*Capa!$C$1)) -> 258.258 | F29: =SUM(P29-(P29*Capa!$C$1)) -> 279.168 | G29: =SUM(Q29-(Q29*Capa!$C$1)) -> 111.888 | H29: =SUM(R29-(R29*Capa!$C$1)) -> 111.888 | I29: =SUM(S29-(S29*Capa!$C$1)) -> 95.95 | K29: ATÉ 6,00 | L29: 195.528 | M29: 216.438 | N29: 237.348 | O29: 258.258 | P29: 279.168 | Q29: 111.888 | R29: 111.888 | S29: 95.95
A30: SUPORTES
A31: SLR | B31: SUPORTE L COM REGULAGEM DUPLO 7 X 12 | I31: ='Wave-Square-Retangular'!G29 -> 11.5
A32: SSW | B32: SUPORTE L SIMPLES 7 X 7 P/ WAVE | I32: ='Wave-Square-Retangular'!G30 -> 9.66
A33: AC012P | B33: SUPORTE (L) 05X08 PINTADO | I33: ='Aviamentos-Pingentes'!E27 -> 2.56
A34: AC005P | B34: SUPORTE (L) 03X03 PINTADO | I34: ='Aviamentos-Pingentes'!E28 -> 1.99
A35: AC006P | B35: SUPORTE (L) 05X05 PINTADO | I35: ='Aviamentos-Pingentes'!E29 -> 2.45
A36: AC022P | B36: PRESILHA EM POLIACETAL P/ TRILHO EXTRA - BRANCO E PRETO | I36: =Trilhos!E16 -> 1.32
A37: MODELO WAVE PLUS NÃO ACOMPANHA A ENTRETELA QUE DEVE SER ADQUIRIDA SEPARADAMENTE
A38: PRAZO DE ENTREGA: 7 DIAS PARA TRILHOS NOVOS E 5 DIAS PARA CONSERTO
A39: FAVOR INFORMAR A ALTURA DO COMANDO DAS CORDAS E O MODELO DE ABERTURA

Sheet Trilho Square Montado
A2: TRILHO SQUARE MONTADO COM ACIONAMENTO
A3: CORES: BRANCO, PRETO E CROMADO
A4: MEDIDA | B4: 2 X 1 | C4: 2,5 X 1 | D4: 3 X 1 | E4: 3,5 X 1 | F4: 4 X 1 | G4: S/ FITA | H4: WAVE PLUS | I4: FRANZIDO | K4: MEDIDA | L4: 2 X 1 | M4: 2,5 X 1 | N4: 3 X 1 | O4: 3,5 X 1 | P4: 4 X 1 | Q4: S/ FITA | R4: WAVE PLUS | S4: FRANZIDO
A5: ATÉ 1,00 | B5: =SUM(L5-(L5*Capa!$C$1)) -> 105.062 | C5: =SUM(M5-(M5*Capa!$C$1)) -> 108.547 | D5: =SUM(N5-(N5*Capa!$C$1)) -> 112.032 | E5: =SUM(O5-(O5*Capa!$C$1)) -> 115.517 | F5: =SUM(P5-(P5*Capa!$C$1)) -> 119.002 | G5: =SUM(Q5-(Q5*Capa!$C$1)) -> 91.122 | H5: =SUM(R5-(R5*Capa!$C$1)) -> 91.122 | I5: =SUM(S5-(S5*Capa!$C$1)) -> 73.15 | K5: ATÉ 1,00 | L5: 105.062 | M5: 108.547 | N5: 112.032 | O5: 115.517 | P5: 119.002 | Q5: 91.122 | R5: 91.122 | S5: 73.15
A6: ATÉ 1,50 | B6: =SUM(L6-(L6*Capa!$C$1)) -> 125.821 | C6: =SUM(M6-(M6*Capa!$C$1)) -> 131.0485 | D6: =SUM(N6-(N6*Capa!$C$1)) -> 136.276 | E6: =SUM(O6-(O6*Capa!$C$1)) -> 141.5035 | F6: =SUM(P6-(P6*Capa!$C$1)) -> 146.731 | G6: =SUM(Q6-(Q6*Capa!$C$1)) -> 104.911 | H6: =SUM(R6-(R6*Capa!$C$1)) -> 104.911 | I6: =SUM(S6-(S6*Capa!$C$1)) -> 84.55 | K6: ATÉ 1,50 | L6: 125.821 | M6: 131.0485 | N6: 136.276 | O6: 141.5035 | P6: 146.731 | Q6: 104.911 | R6: 104.911 | S6: 84.55
A7: ATÉ 2,00 | B7: =SUM(L7-(L7*Capa!$C$1)) -> 146.352 | C7: =SUM(M7-(M7*Capa!$C$1)) -> 153.322 | D7: =SUM(N7-(N7*Capa!$C$1)) -> 160.292 | E7: =SUM(O7-(O7*Capa!$C$1)) -> 167.262 | F7: =SUM(P7-(P7*Capa!$C$1)) -> 174.232 | G7: =SUM(Q7-(Q7*Capa!$C$1)) -> 118.472 | H7: =SUM(R7-(R7*Capa!$C$1)) -> 118.472 | I7: =SUM(S7-(S7*Capa!$C$1)) -> 98.8 | K7: ATÉ 2,00 | L7: 146.352 | M7: 153.322 | N7: 160.292 | O7: 167.262 | P7: 174.232 | Q7: 118.472 | R7: 118.472 | S7: 98.8
A8: ATÉ 2,50 | B8: =SUM(L8-(L8*Capa!$C$1)) -> 171.093 | C8: =SUM(M8-(M8*Capa!$C$1)) -> 179.8055 | D8: =SUM(N8-(N8*Capa!$C$1)) -> 188.518 | E8: =SUM(O8-(O8*Capa!$C$1)) -> 197.2305 | F8: =SUM(P8-(P8*Capa!$C$1)) -> 205.943 | G8: =SUM(Q8-(Q8*Capa!$C$1)) -> 136.243 | H8: =SUM(R8-(R8*Capa!$C$1)) -> 136.243 | I8: =SUM(S8-(S8*Capa!$C$1)) -> 110.2 | K8: ATÉ 2,50 | L8: 171.093 | M8: 179.8055 | N8: 188.518 | O8: 197.2305 | P8: 205.943 | Q8: 136.243 | R8: 136.243 | S8: 110.2
A9: ATÉ 3,00 | B9: =SUM(L9-(L9*Capa!$C$1)) -> 193.912 | C9: =SUM(M9-(M9*Capa!$C$1)) -> 204.367 | D9: =SUM(N9-(N9*Capa!$C$1)) -> 214.822 | E9: =SUM(O9-(O9*Capa!$C$1)) -> 225.277 | F9: =SUM(P9-(P9*Capa!$C$1)) -> 235.732 | G9: =SUM(Q9-(Q9*Capa!$C$1)) -> 152.092 | H9: =SUM(R9-(R9*Capa!$C$1)) -> 152.092 | I9: =SUM(S9-(S9*Capa!$C$1)) -> 124.45 | K9: ATÉ 3,00 | L9: 193.912 | M9: 204.367 | N9: 214.822 | O9: 225.277 | P9: 235.732 | Q9: 152.092 | R9: 152.092 | S9: 124.45
A10: ATÉ 3,50 | B10: =SUM(L10-(L10*Capa!$C$1)) -> 213.665 | C10: =SUM(M10-(M10*Capa!$C$1)) -> 225.8625 | D10: =SUM(N10-(N10*Capa!$C$1)) -> 238.06 | E10: =SUM(O10-(O10*Capa!$C$1)) -> 250.2575 | F10: =SUM(P10-(P10*Capa!$C$1)) -> 262.455 | G10: =SUM(Q10-(Q10*Capa!$C$1)) -> 164.875 | H10: =SUM(R10-(R10*Capa!$C$1)) -> 164.875 | I10: =SUM(S10-(S10*Capa!$C$1)) -> 135.85 | K10: ATÉ 3,50 | L10: 213.665 | M10: 225.8625 | N10: 238.06 | O10: 250.2575 | P10: 262.455 | Q10: 164.875 | R10: 164.875 | S10: 135.85
A11: ATÉ 4,00 | B11: =SUM(L11-(L11*Capa!$C$1)) -> 237.254 | C11: =SUM(M11-(M11*Capa!$C$1)) -> 251.194 | D11: =SUM(N11-(N11*Capa!$C$1)) -> 265.134 | E11: =SUM(O11-(O11*Capa!$C$1)) -> 279.074 | F11: =SUM(P11-(P11*Capa!$C$1)) -> 293.014 | G11: =SUM(Q11-(Q11*Capa!$C$1)) -> 181.494 | H11: =SUM(R11-(R11*Capa!$C$1)) -> 181.494 | I11: =SUM(S11-(S11*Capa!$C$1)) -> 150.1 | K11: ATÉ 4,00 | L11: 237.254 | M11: 251.194 | N11: 265.134 | O11: 279.074 | P11: 293.014 | Q11: 181.494 | R11: 181.494 | S11: 150.1
A12: ATÉ 4,50 | B12: =SUM(L12-(L12*Capa!$C$1)) -> 257.007 | C12: =SUM(M12-(M12*Capa!$C$1)) -> 272.6895 | D12: =SUM(N12-(N12*Capa!$C$1)) -> 288.372 | E12: =SUM(O12-(O12*Capa!$C$1)) -> 304.0545 | F12: =SUM(P12-(P12*Capa!$C$1)) -> 319.737 | G12: =SUM(Q12-(Q12*Capa!$C$1)) -> 194.277 | H12: =SUM(R12-(R12*Capa!$C$1)) -> 194.277 | I12: =SUM(S12-(S12*Capa!$C$1)) -> 161.5 | K12: ATÉ 4,50 | L12: 257.007 | M12: 272.6895 | N12: 288.372 | O12: 304.0545 | P12: 319.737 | Q12: 194.277 | R12: 194.277 | S12: 161.5
A13: ATÉ 5,00 | B13: =SUM(L13-(L13*Capa!$C$1)) -> 287.808 | C13: =SUM(M13-(M13*Capa!$C$1)) -> 305.233 | D13: =SUM(N13-(N13*Capa!$C$1)) -> 322.658 | E13: =SUM(O13-(O13*Capa!$C$1)) -> 340.083 | F13: =SUM(P13-(P13*Capa!$C$1)) -> 357.508 | G13: =SUM(Q13-(Q13*Capa!$C$1)) -> 218.108 | H13: =SUM(R13-(R13*Capa!$C$1)) -> 218.108 | I13: =SUM(S13-(S13*Capa!$C$1)) -> 175.75 | K13: ATÉ 5,00 | L13: 287.808 | M13: 305.233 | N13: 322.658 | O13: 340.083 | P13: 357.508 | Q13: 218.108 | R13: 218.108 | S13: 175.75
A14: ATÉ 5,50 | B14: =SUM(L14-(L14*Capa!$C$1)) -> 305.291 | C14: =SUM(M14-(M14*Capa!$C$1)) -> 324.4585 | D14: =SUM(N14-(N14*Capa!$C$1)) -> 343.626 | E14: =SUM(O14-(O14*Capa!$C$1)) -> 362.7935 | F14: =SUM(P14-(P14*Capa!$C$1)) -> 381.961 | G14: =SUM(Q14-(Q14*Capa!$C$1)) -> 228.621 | H14: =SUM(R14-(R14*Capa!$C$1)) -> 228.621 | I14: =SUM(S14-(S14*Capa!$C$1)) -> 188.19 | K14: ATÉ 5,50 | L14: 305.291 | M14: 324.4585 | N14: 343.626 | O14: 362.7935 | P14: 381.961 | Q14: 228.621 | R14: 228.621 | S14: 188.19
A15: ATÉ 6,00 | B15: =SUM(L15-(L15*Capa!$C$1)) -> 322.78 | C15: =SUM(M15-(M15*Capa!$C$1)) -> 343.69 | D15: =SUM(N15-(N15*Capa!$C$1)) -> 364.6 | E15: =SUM(O15-(O15*Capa!$C$1)) -> 385.51 | F15: =SUM(P15-(P15*Capa!$C$1)) -> 406.42 | G15: =SUM(Q15-(Q15*Capa!$C$1)) -> 239.14 | H15: =SUM(R15-(R15*Capa!$C$1)) -> 239.14 | I15: =SUM(S15-(S15*Capa!$C$1)) -> 200.64 | K15: ATÉ 6,00 | L15: 322.78 | M15: 343.69 | N15: 364.6 | O15: 385.51 | P15: 406.42 | Q15: 239.14 | R15: 239.14 | S15: 200.64
A16: TRILHO SQUARE MONTADO SEM ACIONAMENTO
A17: CORES: BRANCO, PRETO E CROMADO
A18: MEDIDA | B18: 2 X 1 | C18: 2,5 X 1 | D18: 3 X 1 | E18: 3,5 X 1 | F18: 4 X 1 | G18: S/ FITA | H18: WAVE PLUS | I18: FRANZIDO | K18: MEDIDA | L18: 2 X 1 | M18: 2,5 X 1 | N18: 3 X 1 | O18: 3,5 X 1 | P18: 4 X 1 | Q18: S/ FITA | R18: WAVE PLUS | S18: FRANZIDO
A19: ATÉ 1,00 | B19: =SUM(L19-(L19*Capa!$C$1)) -> 65.786 | C19: =SUM(M19-(M19*Capa!$C$1)) -> 69.271 | D19: =SUM(N19-(N19*Capa!$C$1)) -> 72.756 | E19: =SUM(O19-(O19*Capa!$C$1)) -> 76.241 | F19: =SUM(P19-(P19*Capa!$C$1)) -> 79.726 | G19: =SUM(Q19-(Q19*Capa!$C$1)) -> 51.846 | H19: =SUM(R19-(R19*Capa!$C$1)) -> 51.846 | I19: =SUM(S19-(S19*Capa!$C$1)) -> 45.6 | K19: ATÉ 1,00 | L19: 65.786 | M19: 69.271 | N19: 72.756 | O19: 76.241 | P19: 79.726 | Q19: 51.846 | R19: 51.846 | S19: 45.6
A20: ATÉ 1,50 | B20: =SUM(L20-(L20*Capa!$C$1)) -> 85.533 | C20: =SUM(M20-(M20*Capa!$C$1)) -> 90.7605 | D20: =SUM(N20-(N20*Capa!$C$1)) -> 95.988 | E20: =SUM(O20-(O20*Capa!$C$1)) -> 101.2155 | F20: =SUM(P20-(P20*Capa!$C$1)) -> 106.443 | G20: =SUM(Q20-(Q20*Capa!$C$1)) -> 64.623 | H20: =SUM(R20-(R20*Capa!$C$1)) -> 64.623 | I20: =SUM(S20-(S20*Capa!$C$1)) -> 55.1 | K20: ATÉ 1,50 | L20: 85.533 | M20: 90.7605 | N20: 95.988 | O20: 101.2155 | P20: 106.443 | Q20: 64.623 | R20: 64.623 | S20: 55.1
A21: ATÉ 2,00 | B21: =SUM(L21-(L21*Capa!$C$1)) -> 107.208 | C21: =SUM(M21-(M21*Capa!$C$1)) -> 114.178 | D21: =SUM(N21-(N21*Capa!$C$1)) -> 121.148 | E21: =SUM(O21-(O21*Capa!$C$1)) -> 128.118 | F21: =SUM(P21-(P21*Capa!$C$1)) -> 135.088 | G21: =SUM(Q21-(Q21*Capa!$C$1)) -> 79.328 | H21: =SUM(R21-(R21*Capa!$C$1)) -> 79.328 | I21: =SUM(S21-(S21*Capa!$C$1)) -> 69.35 | K21: ATÉ 2,00 | L21: 107.208 | M21: 114.178 | N21: 121.148 | O21: 128.118 | P21: 135.088 | Q21: 79.328 | R21: 79.328 | S21: 69.35
A22: ATÉ 2,50 | B22: =SUM(L22-(L22*Capa!$C$1)) -> 127.155 | C22: =SUM(M22-(M22*Capa!$C$1)) -> 135.8675 | D22: =SUM(N22-(N22*Capa!$C$1)) -> 144.58 | E22: =SUM(O22-(O22*Capa!$C$1)) -> 153.2925 | F22: =SUM(P22-(P22*Capa!$C$1)) -> 162.005 | G22: =SUM(Q22-(Q22*Capa!$C$1)) -> 92.305 | H22: =SUM(R22-(R22*Capa!$C$1)) -> 92.305 | I22: =SUM(S22-(S22*Capa!$C$1)) -> 79.8 | K22: ATÉ 2,50 | L22: 127.155 | M22: 135.8675 | N22: 144.58 | O22: 153.2925 | P22: 162.005 | Q22: 92.305 | R22: 92.305 | S22: 79.8
A23: ATÉ 3,00 | B23: =SUM(L23-(L23*Capa!$C$1)) -> 148.636 | C23: =SUM(M23-(M23*Capa!$C$1)) -> 159.091 | D23: =SUM(N23-(N23*Capa!$C$1)) -> 169.546 | E23: =SUM(O23-(O23*Capa!$C$1)) -> 180.001 | F23: =SUM(P23-(P23*Capa!$C$1)) -> 190.456 | G23: =SUM(Q23-(Q23*Capa!$C$1)) -> 106.816 | H23: =SUM(R23-(R23*Capa!$C$1)) -> 106.816 | I23: =SUM(S23-(S23*Capa!$C$1)) -> 94.05 | K23: ATÉ 3,00 | L23: 148.636 | M23: 159.091 | N23: 169.546 | O23: 180.001 | P23: 190.456 | Q23: 106.816 | R23: 106.816 | S23: 94.05
A24: ATÉ 3,50 | B24: =SUM(L24-(L24*Capa!$C$1)) -> 168.577 | C24: =SUM(M24-(M24*Capa!$C$1)) -> 180.7745 | D24: =SUM(N24-(N24*Capa!$C$1)) -> 192.972 | E24: =SUM(O24-(O24*Capa!$C$1)) -> 205.1695 | F24: =SUM(P24-(P24*Capa!$C$1)) -> 217.367 | G24: =SUM(Q24-(Q24*Capa!$C$1)) -> 119.787 | H24: =SUM(R24-(R24*Capa!$C$1)) -> 119.787 | I24: =SUM(S24-(S24*Capa!$C$1)) -> 104.5 | K24: ATÉ 3,50 | L24: 168.577 | M24: 180.7745 | N24: 192.972 | O24: 205.1695 | P24: 217.367 | Q24: 119.787 | R24: 119.787 | S24: 104.5
A25: ATÉ 4,00 | B25: =SUM(L25-(L25*Capa!$C$1)) -> 187.588 | C25: =SUM(M25-(M25*Capa!$C$1)) -> 201.528 | D25: =SUM(N25-(N25*Capa!$C$1)) -> 215.468 | E25: =SUM(O25-(O25*Capa!$C$1)) -> 229.408 | F25: =SUM(P25-(P25*Capa!$C$1)) -> 243.348 | G25: =SUM(Q25-(Q25*Capa!$C$1)) -> 131.828 | H25: =SUM(R25-(R25*Capa!$C$1)) -> 131.828 | I25: =SUM(S25-(S25*Capa!$C$1)) -> 117.8 | K25: ATÉ 4,00 | L25: 187.588 | M25: 201.528 | N25: 215.468 | O25: 229.408 | P25: 243.348 | Q25: 131.828 | R25: 131.828 | S25: 117.8
A26: ATÉ 4,50 | B26: =SUM(L26-(L26*Capa!$C$1)) -> 207.341 | C26: =SUM(M26-(M26*Capa!$C$1)) -> 223.0235 | D26: =SUM(N26-(N26*Capa!$C$1)) -> 238.706 | E26: =SUM(O26-(O26*Capa!$C$1)) -> 254.3885 | F26: =SUM(P26-(P26*Capa!$C$1)) -> 270.071 | G26: =SUM(Q26-(Q26*Capa!$C$1)) -> 144.611 | H26: =SUM(R26-(R26*Capa!$C$1)) -> 144.611 | I26: =SUM(S26-(S26*Capa!$C$1)) -> 122.5 | K26: ATÉ 4,50 | L26: 207.341 | M26: 223.0235 | N26: 238.706 | O26: 254.3885 | P26: 270.071 | Q26: 144.611 | R26: 144.611 | S26: 122.5
A27: ATÉ 5,00 | B27: =SUM(L27-(L27*Capa!$C$1)) -> 234.674 | C27: =SUM(M27-(M27*Capa!$C$1)) -> 252.099 | D27: =SUM(N27-(N27*Capa!$C$1)) -> 269.524 | E27: =SUM(O27-(O27*Capa!$C$1)) -> 286.949 | F27: =SUM(P27-(P27*Capa!$C$1)) -> 304.374 | G27: =SUM(Q27-(Q27*Capa!$C$1)) -> 164.974 | H27: =SUM(R27-(R27*Capa!$C$1)) -> 164.974 | I27: =SUM(S27-(S27*Capa!$C$1)) -> 140.6 | K27: ATÉ 5,00 | L27: 234.674 | M27: 252.099 | N27: 269.524 | O27: 286.949 | P27: 304.374 | Q27: 164.974 | R27: 164.974 | S27: 140.6
A28: ATÉ 5,50 | B28: =SUM(L28-(L28*Capa!$C$1)) -> 248.971 | C28: =SUM(M28-(M28*Capa!$C$1)) -> 268.1385 | D28: =SUM(N28-(N28*Capa!$C$1)) -> 287.306 | E28: =SUM(O28-(O28*Capa!$C$1)) -> 306.4735 | F28: =SUM(P28-(P28*Capa!$C$1)) -> 325.641 | G28: =SUM(Q28-(Q28*Capa!$C$1)) -> 172.301 | H28: =SUM(R28-(R28*Capa!$C$1)) -> 172.301 | I28: =SUM(S28-(S28*Capa!$C$1)) -> 143.35 | K28: ATÉ 5,50 | L28: 248.971 | M28: 268.1385 | N28: 287.306 | O28: 306.4735 | P28: 325.641 | Q28: 172.301 | R28: 172.301 | S28: 143.35
A29: ATÉ 6,00 | B29: =SUM(L29-(L29*Capa!$C$1)) -> 263.272 | C29: =SUM(M29-(M29*Capa!$C$1)) -> 284.182 | D29: =SUM(N29-(N29*Capa!$C$1)) -> 305.092 | E29: =SUM(O29-(O29*Capa!$C$1)) -> 326.002 | F29: =SUM(P29-(P29*Capa!$C$1)) -> 346.912 | G29: =SUM(Q29-(Q29*Capa!$C$1)) -> 179.632 | H29: =SUM(R29-(R29*Capa!$C$1)) -> 179.632 | I29: =SUM(S29-(S29*Capa!$C$1)) -> 150.1 | K29: ATÉ 6,00 | L29: 263.272 | M29: 284.182 | N29: 305.092 | O29: 326.002 | P29: 346.912 | Q29: 179.632 | R29: 179.632 | S29: 150.1
A30: SUPORTES
A31: DTS | B31: SUPORTE SIMPLES SQUARE C/ ROSETA CROMADO / BRANCO / PRETO | I31: ='Wave-Square-Retangular'!G26 -> 19.5
A32: DTA | B32: SUPORTE ALONGADO SQUARE C/ ROSETA CROMADO / BRANCO / PRETO | I32: ='Wave-Square-Retangular'!G27 -> 22.47
A33: DTDI | B33: SUPORTE DUPLO ALONGADO SQUARE C/ ROSETA CROMADO / BRANCO / PRETO | I33: ='Wave-Square-Retangular'!G28 -> 29.98
A34: STYT | B34: SUPORTE SIMPLES BARI C/ TRAVA *LANÇAMENTO | I34: ='Wave-Square-Retangular'!G18 -> 9.66
A35: STY | B35: SUPORTE SIMPLES BARI | I35: ='Wave-Square-Retangular'!G19 -> 9.66
A36: STDYT | B36: SUPORTE DUPLO BARI C/ TRAVA *LANÇAMENTO | I36: ='Wave-Square-Retangular'!G20 -> 14.7
A37: STDY | B37: SUPORTE DUPLO BARI | I37: ='Wave-Square-Retangular'!G21 -> 14.7
A38: CLTST | B38: SUPORTE CHAPA SIMPLES P/ TETO C/ TRAVA BRANCO / PRETO *LANÇAMENTO | I38: ='Wave-Square-Retangular'!G22 -> 4.74
A39: CLTS | B39: SUPORTE CHAPA SIMPLES P/ TETO BRANCO / PRETO | I39: ='Wave-Square-Retangular'!G23 -> 4.74
A40: CLTDAT | B40: SUPORTE CHAPA DUPLO P/ TETO C/ TRAVA BRANCO / PRETO *LANÇAMENTO | I40: ='Wave-Square-Retangular'!G24 -> 7.59
A41: CLTDA | B41: SUPORTE CHAPA DUPLO P/ TETO BRANCO / PRETO | I41: ='Wave-Square-Retangular'!G25 -> 7.59
A42: SLR | B42: SUPORTE L COM REGULAGEM DUPLO 7 X 12 | I42: ='Wave-Square-Retangular'!G29 -> 11.5
A43: SSW | B43: SUPORTE L SIMPLES 7 X 7 P/ WAVE | I43: ='Wave-Square-Retangular'!G30 -> 9.66
A44: SLMA | B44: SUPORTE SIMPLES MASTER | I44: ='Wave-Square-Retangular'!G31 -> 29.36
A45: SLDMI | B45: SUPORTE DUPLO ALONGADO MASTER | I45: ='Wave-Square-Retangular'!G32 -> 45.23
A46: MODELO WAVE PLUS NÃO ACOMPANHA A ENTRETELA QUE DEVE SER ADQUIRIDA SEPARADAMENTE
A47: PARA FAZER CURVAS NO VARÃO SERÁ COBRADO UM ADICIONAL DE R$ 165,00 POR CURVA
A48: PRAZO DE ENTREGA: 7 DIAS PARA TRILHOS NOVOS E 5 DIAS PARA CONSERTO
A49: FAVOR INFORMAR A ALTURA DO COMANDO DAS CORDAS E O MODELO DE ABERTURA

Sheet Varão Unic 19mm Montado
A2: VARÃO UNIC 19MM MONTADO COM ACIONAMENTO
A3: CORES: CROMADO C/ VERNIZ, AÇO ESCOVADO, BRANCO, PRETO,DOURADO,OURO VELHO E OURO ROSE
A4: MEDIDA | B4: 2 X 1 | C4: 2,5 X 1 | D4: 3 X 1 | E4: 3,5 X 1 | F4: 4 X 1 | G4: S/ FITA | H4: WAVE PLUS | I4: FRANZIDO | K4: MEDIDA | L4: 2 X 1 | M4: 2,5 X 1 | N4: 3 X 1 | O4: 3,5 X 1 | P4: 4 X 1 | Q4: S/ FITA | R4: WAVE PLUS | S4: FRANZIDO
A5: ATÉ 1,00 | B5: =SUM(L5-(L5*Capa!$C$1)) -> 88.137631 | C5: =SUM(M5-(M5*Capa!$C$1)) -> 91.622631 | D5: =SUM(N5-(N5*Capa!$C$1)) -> 95.107631 | E5: =SUM(O5-(O5*Capa!$C$1)) -> 98.592631 | F5: =SUM(P5-(P5*Capa!$C$1)) -> 102.07763 | G5: =SUM(Q5-(Q5*Capa!$C$1)) -> 74.197631 | H5: =SUM(R5-(R5*Capa!$C$1)) -> 74.197631 | I5: =SUM(S5-(S5*Capa!$C$1)) -> 66.731629 | K5: ATÉ 1,00 | L5: 88.137631 | M5: 91.622631 | N5: 95.107631 | O5: 98.592631 | P5: 102.07763 | Q5: 74.197631 | R5: 74.197631 | S5: 66.731629
A6: ATÉ 1,50 | B6: =SUM(L6-(L6*Capa!$C$1)) -> 121.03822 | C6: =SUM(M6-(M6*Capa!$C$1)) -> 126.26572 | D6: =SUM(N6-(N6*Capa!$C$1)) -> 131.49322 | E6: =SUM(O6-(O6*Capa!$C$1)) -> 136.72072 | F6: =SUM(P6-(P6*Capa!$C$1)) -> 141.94822 | G6: =SUM(Q6-(Q6*Capa!$C$1)) -> 100.12822 | H6: =SUM(R6-(R6*Capa!$C$1)) -> 100.12822 | I6: =SUM(S6-(S6*Capa!$C$1)) -> 78.91707 | K6: ATÉ 1,50 | L6: 121.03822 | M6: 126.26572 | N6: 131.49322 | O6: 136.72072 | P6: 141.94822 | Q6: 100.12822 | R6: 100.12822 | S6: 78.91707
A7: ATÉ 2,00 | B7: =SUM(L7-(L7*Capa!$C$1)) -> 141.50873 | C7: =SUM(M7-(M7*Capa!$C$1)) -> 148.47873 | D7: =SUM(N7-(N7*Capa!$C$1)) -> 155.44873 | E7: =SUM(O7-(O7*Capa!$C$1)) -> 162.41873 | F7: =SUM(P7-(P7*Capa!$C$1)) -> 169.38873 | G7: =SUM(Q7-(Q7*Capa!$C$1)) -> 113.62873 | H7: =SUM(R7-(R7*Capa!$C$1)) -> 113.62873 | I7: =SUM(S7-(S7*Capa!$C$1)) -> 91.102512 | K7: ATÉ 2,00 | L7: 141.50873 | M7: 148.47873 | N7: 155.44873 | O7: 162.41873 | P7: 169.38873 | Q7: 113.62873 | R7: 113.62873 | S7: 91.102512
A8: ATÉ 2,50 | B8: =SUM(L8-(L8*Capa!$C$1)) -> 170.98745 | C8: =SUM(M8-(M8*Capa!$C$1)) -> 179.69995 | D8: =SUM(N8-(N8*Capa!$C$1)) -> 188.41245 | E8: =SUM(O8-(O8*Capa!$C$1)) -> 197.12495 | F8: =SUM(P8-(P8*Capa!$C$1)) -> 205.83745 | G8: =SUM(Q8-(Q8*Capa!$C$1)) -> 136.13745 | H8: =SUM(R8-(R8*Capa!$C$1)) -> 136.13745 | I8: =SUM(S8-(S8*Capa!$C$1)) -> 104.1048 | K8: ATÉ 2,50 | L8: 170.98745 | M8: 179.69995 | N8: 188.41245 | O8: 197.12495 | P8: 205.83745 | Q8: 136.13745 | R8: 136.13745 | S8: 104.1048
A9: ATÉ 3,00 | B9: =SUM(L9-(L9*Capa!$C$1)) -> 190.54186 | C9: =SUM(M9-(M9*Capa!$C$1)) -> 200.99686 | D9: =SUM(N9-(N9*Capa!$C$1)) -> 211.45186 | E9: =SUM(O9-(O9*Capa!$C$1)) -> 221.90686 | F9: =SUM(P9-(P9*Capa!$C$1)) -> 232.36186 | G9: =SUM(Q9-(Q9*Capa!$C$1)) -> 148.72186 | H9: =SUM(R9-(R9*Capa!$C$1)) -> 148.72186 | I9: =SUM(S9-(S9*Capa!$C$1)) -> 117.1167 | K9: ATÉ 3,00 | L9: 190.54186 | M9: 200.99686 | N9: 211.45186 | O9: 221.90686 | P9: 232.36186 | Q9: 148.72186 | R9: 148.72186 | S9: 117.1167
A10: ATÉ 3,50 | B10: =SUM(L10-(L10*Capa!$C$1)) -> 215.73652 | C10: =SUM(M10-(M10*Capa!$C$1)) -> 227.93402 | D10: =SUM(N10-(N10*Capa!$C$1)) -> 240.13152 | E10: =SUM(O10-(O10*Capa!$C$1)) -> 252.32902 | F10: =SUM(P10-(P10*Capa!$C$1)) -> 264.52652 | G10: =SUM(Q10-(Q10*Capa!$C$1)) -> 166.94652 | H10: =SUM(R10-(R10*Capa!$C$1)) -> 166.94652 | I10: =SUM(S10-(S10*Capa!$C$1)) -> 124.62209 | K10: ATÉ 3,50 | L10: 215.73652 | M10: 227.93402 | N10: 240.13152 | O10: 252.32902 | P10: 264.52652 | Q10: 166.94652 | R10: 166.94652 | S10: 124.62209
A11: ATÉ 4,00 | B11: =SUM(L11-(L11*Capa!$C$1)) -> 237.74282 | C11: =SUM(M11-(M11*Capa!$C$1)) -> 251.68282 | D11: =SUM(N11-(N11*Capa!$C$1)) -> 265.62282 | E11: =SUM(O11-(O11*Capa!$C$1)) -> 279.56282 | F11: =SUM(P11-(P11*Capa!$C$1)) -> 293.50282 | G11: =SUM(Q11-(Q11*Capa!$C$1)) -> 181.98282 | H11: =SUM(R11-(R11*Capa!$C$1)) -> 181.98282 | I11: =SUM(S11-(S11*Capa!$C$1)) -> 131.7719 | K11: ATÉ 4,00 | L11: 237.74282 | M11: 251.68282 | N11: 265.62282 | O11: 279.56282 | P11: 293.50282 | Q11: 181.98282 | R11: 181.98282 | S11: 131.7719
A12: ATÉ 4,50 | B12: =SUM(L12-(L12*Capa!$C$1)) -> 262.87461 | C12: =SUM(M12-(M12*Capa!$C$1)) -> 278.55711 | D12: =SUM(N12-(N12*Capa!$C$1)) -> 294.23961 | E12: =SUM(O12-(O12*Capa!$C$1)) -> 309.92211 | F12: =SUM(P12-(P12*Capa!$C$1)) -> 325.60461 | G12: =SUM(Q12-(Q12*Capa!$C$1)) -> 200.14461 | H12: =SUM(R12-(R12*Capa!$C$1)) -> 200.14461 | I12: =SUM(S12-(S12*Capa!$C$1)) -> 147.70523 | K12: ATÉ 4,50 | L12: 262.87461 | M12: 278.55711 | N12: 294.23961 | O12: 309.92211 | P12: 325.60461 | Q12: 200.14461 | R12: 200.14461 | S12: 147.70523
A13: ATÉ 5,00 | B13: =SUM(L13-(L13*Capa!$C$1)) -> 285.09646 | C13: =SUM(M13-(M13*Capa!$C$1)) -> 302.52146 | D13: =SUM(N13-(N13*Capa!$C$1)) -> 319.94646 | E13: =SUM(O13-(O13*Capa!$C$1)) -> 337.37146 | F13: =SUM(P13-(P13*Capa!$C$1)) -> 354.79646 | G13: =SUM(Q13-(Q13*Capa!$C$1)) -> 215.39646 | H13: =SUM(R13-(R13*Capa!$C$1)) -> 215.39646 | I13: =SUM(S13-(S13*Capa!$C$1)) -> 163.28299 | K13: ATÉ 5,00 | L13: 285.09646 | M13: 302.52146 | N13: 319.94646 | O13: 337.37146 | P13: 354.79646 | Q13: 215.39646 | R13: 215.39646 | S13: 163.28299
A14: ATÉ 5,50 | B14: =SUM(L14-(L14*Capa!$C$1)) -> 312.40171 | C14: =SUM(M14-(M14*Capa!$C$1)) -> 331.56921 | D14: =SUM(N14-(N14*Capa!$C$1)) -> 350.73671 | E14: =SUM(O14-(O14*Capa!$C$1)) -> 369.90421 | F14: =SUM(P14-(P14*Capa!$C$1)) -> 389.07171 | G14: =SUM(Q14-(Q14*Capa!$C$1)) -> 235.73171 | H14: =SUM(R14-(R14*Capa!$C$1)) -> 235.73171 | I14: =SUM(S14-(S14*Capa!$C$1)) -> 174.13265 | K14: ATÉ 5,50 | L14: 312.40171 | M14: 331.56921 | N14: 350.73671 | O14: 369.90421 | P14: 389.07171 | Q14: 235.73171 | R14: 235.73171 | S14: 174.13265
A15: ATÉ 6,00 | B15: =SUM(L15-(L15*Capa!$C$1)) -> 334.86606 | C15: =SUM(M15-(M15*Capa!$C$1)) -> 355.77606 | D15: =SUM(N15-(N15*Capa!$C$1)) -> 376.68606 | E15: =SUM(O15-(O15*Capa!$C$1)) -> 397.59606 | F15: =SUM(P15-(P15*Capa!$C$1)) -> 418.50606 | G15: =SUM(Q15-(Q15*Capa!$C$1)) -> 251.22606 | H15: =SUM(R15-(R15*Capa!$C$1)) -> 251.22606 | I15: =SUM(S15-(S15*Capa!$C$1)) -> 184.9823 | K15: ATÉ 6,00 | L15: 334.86606 | M15: 355.77606 | N15: 376.68606 | O15: 397.59606 | P15: 418.50606 | Q15: 251.22606 | R15: 251.22606 | S15: 184.9823
A16: VARÃO UNIC 19MM MONTADO SEM ACIONAMENTO
A17: CORES: CROMADO C/ VERNIZ, AÇO ESCOVADO, BRANCO, PRETO,DOURADO,OURO VELHO E OURO ROSE
A18: MEDIDA | B18: 2 X 1 | C18: 2,5 X 1 | D18: 3 X 1 | E18: 3,5 X 1 | F18: 4 X 1 | G18: S/ FITA | H18: WAVE PLUS | I18: FRANZIDO | K18: MEDIDA | L18: 2 X 1 | M18: 2,5 X 1 | N18: 3 X 1 | O18: 3,5 X 1 | P18: 4 X 1 | Q18: S/ FITA | R18: WAVE PLUS | S18: FRANZIDO
A19: ATÉ 1,00 | B19: =SUM(L19-(L19*Capa!$C$1)) -> 67.597443 | C19: =SUM(M19-(M19*Capa!$C$1)) -> 71.082443 | D19: =SUM(N19-(N19*Capa!$C$1)) -> 74.567443 | E19: =SUM(O19-(O19*Capa!$C$1)) -> 78.052443 | F19: =SUM(P19-(P19*Capa!$C$1)) -> 81.537443 | G19: =SUM(Q19-(Q19*Capa!$C$1)) -> 53.657443 | H19: =SUM(R19-(R19*Capa!$C$1)) -> 53.657443 | I19: =SUM(S19-(S19*Capa!$C$1)) -> 42.322306 | K19: ATÉ 1,00 | L19: 67.597443 | M19: 71.082443 | N19: 74.567443 | O19: 78.052443 | P19: 81.537443 | Q19: 53.657443 | R19: 53.657443 | S19: 42.322306
A20: ATÉ 1,50 | B20: =SUM(L20-(L20*Capa!$C$1)) -> 87.591937 | C20: =SUM(M20-(M20*Capa!$C$1)) -> 92.819437 | D20: =SUM(N20-(N20*Capa!$C$1)) -> 98.046937 | E20: =SUM(O20-(O20*Capa!$C$1)) -> 103.27444 | F20: =SUM(P20-(P20*Capa!$C$1)) -> 108.50194 | G20: =SUM(Q20-(Q20*Capa!$C$1)) -> 66.681937 | H20: =SUM(R20-(R20*Capa!$C$1)) -> 66.681937 | I20: =SUM(S20-(S20*Capa!$C$1)) -> 52.826003 | K20: ATÉ 1,50 | L20: 87.591937 | M20: 92.819437 | N20: 98.046937 | O20: 103.27444 | P20: 108.50194 | Q20: 66.681937 | R20: 66.681937 | S20: 52.826003
A21: ATÉ 2,00 | B21: =SUM(L21-(L21*Capa!$C$1)) -> 107.37088 | C21: =SUM(M21-(M21*Capa!$C$1)) -> 114.34088 | D21: =SUM(N21-(N21*Capa!$C$1)) -> 121.31088 | E21: =SUM(O21-(O21*Capa!$C$1)) -> 128.28088 | F21: =SUM(P21-(P21*Capa!$C$1)) -> 135.25088 | G21: =SUM(Q21-(Q21*Capa!$C$1)) -> 79.490881 | H21: =SUM(R21-(R21*Capa!$C$1)) -> 79.490881 | I21: =SUM(S21-(S21*Capa!$C$1)) -> 61.484586 | K21: ATÉ 2,00 | L21: 107.37088 | M21: 114.34088 | N21: 121.31088 | O21: 128.28088 | P21: 135.25088 | Q21: 79.490881 | R21: 79.490881 | S21: 61.484586
A22: ATÉ 2,50 | B22: =SUM(L22-(L22*Capa!$C$1)) -> 132.07157 | C22: =SUM(M22-(M22*Capa!$C$1)) -> 140.78407 | D22: =SUM(N22-(N22*Capa!$C$1)) -> 149.49657 | E22: =SUM(O22-(O22*Capa!$C$1)) -> 158.20907 | F22: =SUM(P22-(P22*Capa!$C$1)) -> 166.92157 | G22: =SUM(Q22-(Q22*Capa!$C$1)) -> 97.221566 | H22: =SUM(R22-(R22*Capa!$C$1)) -> 97.221566 | I22: =SUM(S22-(S22*Capa!$C$1)) -> 74.592584 | K22: ATÉ 2,50 | L22: 132.07157 | M22: 140.78407 | N22: 149.49657 | O22: 158.20907 | P22: 166.92157 | Q22: 97.221566 | R22: 97.221566 | S22: 74.592584
A23: ATÉ 3,00 | B23: =SUM(L23-(L23*Capa!$C$1)) -> 156.61957 | C23: =SUM(M23-(M23*Capa!$C$1)) -> 167.07457 | D23: =SUM(N23-(N23*Capa!$C$1)) -> 177.52957 | E23: =SUM(O23-(O23*Capa!$C$1)) -> 187.98457 | F23: =SUM(P23-(P23*Capa!$C$1)) -> 198.43957 | G23: =SUM(Q23-(Q23*Capa!$C$1)) -> 114.79957 | H23: =SUM(R23-(R23*Capa!$C$1)) -> 114.79957 | I23: =SUM(S23-(S23*Capa!$C$1)) -> 87.191254 | K23: ATÉ 3,00 | L23: 156.61957 | M23: 167.07457 | N23: 177.52957 | O23: 187.98457 | P23: 198.43957 | Q23: 114.79957 | R23: 114.79957 | S23: 87.191254
A24: ATÉ 3,50 | B24: =SUM(L24-(L24*Capa!$C$1)) -> 175.61714 | C24: =SUM(M24-(M24*Capa!$C$1)) -> 187.81464 | D24: =SUM(N24-(N24*Capa!$C$1)) -> 200.01214 | E24: =SUM(O24-(O24*Capa!$C$1)) -> 212.20964 | F24: =SUM(P24-(P24*Capa!$C$1)) -> 224.40714 | G24: =SUM(Q24-(Q24*Capa!$C$1)) -> 126.82714 | H24: =SUM(R24-(R24*Capa!$C$1)) -> 126.82714 | I24: =SUM(S24-(S24*Capa!$C$1)) -> 98.579068 | K24: ATÉ 3,50 | L24: 175.61714 | M24: 187.81464 | N24: 200.01214 | O24: 212.20964 | P24: 224.40714 | Q24: 126.82714 | R24: 126.82714 | S24: 98.579068
A25: ATÉ 4,00 | B25: =SUM(L25-(L25*Capa!$C$1)) -> 188.42661 | C25: =SUM(M25-(M25*Capa!$C$1)) -> 202.36661 | D25: =SUM(N25-(N25*Capa!$C$1)) -> 216.30661 | E25: =SUM(O25-(O25*Capa!$C$1)) -> 230.24661 | F25: =SUM(P25-(P25*Capa!$C$1)) -> 244.18661 | G25: =SUM(Q25-(Q25*Capa!$C$1)) -> 132.66661 | H25: =SUM(R25-(R25*Capa!$C$1)) -> 132.66661 | I25: =SUM(S25-(S25*Capa!$C$1)) -> 107.19921 | K25: ATÉ 4,00 | L25: 188.42661 | M25: 202.36661 | N25: 216.30661 | O25: 230.24661 | P25: 244.18661 | Q25: 132.66661 | R25: 132.66661 | S25: 107.19921
A26: ATÉ 4,50 | B26: =SUM(L26-(L26*Capa!$C$1)) -> 213.22609 | C26: =SUM(M26-(M26*Capa!$C$1)) -> 228.90859 | D26: =SUM(N26-(N26*Capa!$C$1)) -> 244.59109 | E26: =SUM(O26-(O26*Capa!$C$1)) -> 260.27359 | F26: =SUM(P26-(P26*Capa!$C$1)) -> 275.95609 | G26: =SUM(Q26-(Q26*Capa!$C$1)) -> 150.49609 | H26: =SUM(R26-(R26*Capa!$C$1)) -> 150.49609 | I26: =SUM(S26-(S26*Capa!$C$1)) -> 114.81992 | K26: ATÉ 4,50 | L26: 213.22609 | M26: 228.90859 | N26: 244.59109 | O26: 260.27359 | P26: 275.95609 | Q26: 150.49609 | R26: 150.49609 | S26: 114.81992
A27: ATÉ 5,00 | B27: =SUM(L27-(L27*Capa!$C$1)) -> 231.09202 | C27: =SUM(M27-(M27*Capa!$C$1)) -> 248.51702 | D27: =SUM(N27-(N27*Capa!$C$1)) -> 265.94202 | E27: =SUM(O27-(O27*Capa!$C$1)) -> 283.36702 | F27: =SUM(P27-(P27*Capa!$C$1)) -> 300.79202 | G27: =SUM(Q27-(Q27*Capa!$C$1)) -> 161.39202 | H27: =SUM(R27-(R27*Capa!$C$1)) -> 161.39202 | I27: =SUM(S27-(S27*Capa!$C$1)) -> 123.99744 | K27: ATÉ 5,00 | L27: 231.09202 | M27: 248.51702 | N27: 265.94202 | O27: 283.36702 | P27: 300.79202 | Q27: 161.39202 | R27: 161.39202 | S27: 123.99744
A28: ATÉ 5,50 | B28: =SUM(L28-(L28*Capa!$C$1)) -> 253.33184 | C28: =SUM(M28-(M28*Capa!$C$1)) -> 272.49934 | D28: =SUM(N28-(N28*Capa!$C$1)) -> 291.66684 | E28: =SUM(O28-(O28*Capa!$C$1)) -> 310.83434 | F28: =SUM(P28-(P28*Capa!$C$1)) -> 330.00184 | G28: =SUM(Q28-(Q28*Capa!$C$1)) -> 176.66184 | H28: =SUM(R28-(R28*Capa!$C$1)) -> 176.66184 | I28: =SUM(S28-(S28*Capa!$C$1)) -> 132.39655 | K28: ATÉ 5,50 | L28: 253.33184 | M28: 272.49934 | N28: 291.66684 | O28: 310.83434 | P28: 330.00184 | Q28: 176.66184 | R28: 176.66184 | S28: 132.39655
A29: ATÉ 6,00 | B29: =SUM(L29-(L29*Capa!$C$1)) -> 273.71252 | C29: =SUM(M29-(M29*Capa!$C$1)) -> 294.62252 | D29: =SUM(N29-(N29*Capa!$C$1)) -> 315.53252 | E29: =SUM(O29-(O29*Capa!$C$1)) -> 336.44252 | F29: =SUM(P29-(P29*Capa!$C$1)) -> 357.35252 | G29: =SUM(Q29-(Q29*Capa!$C$1)) -> 190.07252 | H29: =SUM(R29-(R29*Capa!$C$1)) -> 190.07252 | I29: =SUM(S29-(S29*Capa!$C$1)) -> 141.23772 | K29: ATÉ 6,00 | L29: 273.71252 | M29: 294.62252 | N29: 315.53252 | O29: 336.44252 | P29: 357.35252 | Q29: 190.07252 | R29: 190.07252 | S29: 141.23772
A30: SUPORTES
A31: STYT | B31: SUPORTE SIMPLES BARI C/ TRAVA *LANÇAMENTO | I31: ='Wave-Square-Retangular'!G18 -> 9.66
A32: STY | B32: SUPORTE SIMPLES BARI | I32: ='Wave-Square-Retangular'!G19 -> 9.66
A33: STDYT | B33: SUPORTE DUPLO BARI C/ TRAVA *LANÇAMENTO | I33: ='Wave-Square-Retangular'!G20 -> 14.7
A34: STDY | B34: SUPORTE DUPLO BARI | I34: ='Wave-Square-Retangular'!G21 -> 14.7
A35: CLTST | B35: SUPORTE CHAPA SIMPLES P/ TETO C/ TRAVA BRANCO / PRETO *LANÇAMENTO | I35: ='Wave-Square-Retangular'!G22 -> 4.74
A36: CLTS | B36: SUPORTE CHAPA SIMPLES P/ TETO BRANCO / PRETO | I36: ='Wave-Square-Retangular'!G23 -> 4.74
A37: CLTDAT | B37: SUPORTE CHAPA DUPLO P/ TETO C/ TRAVA BRANCO / PRETO *LANÇAMENTO | I37: ='Wave-Square-Retangular'!G24 -> 7.59
A38: CLTDA | B38: SUPORTE CHAPA DUPLO P/ TETO BRANCO / PRETO | I38: ='Wave-Square-Retangular'!G25 -> 7.59
A39: SLR | B39: SUPORTE L COM REGULAGEM DUPLO 7 X 12 | I39: ='Wave-Square-Retangular'!G29 -> 11.5
A40: SSW | B40: SUPORTE L SIMPLES 7 X 7 P/ WAVE | I40: ='Wave-Square-Retangular'!G30 -> 9.66
A41: MODELO WAVE PLUS NÃO ACOMPANHA A ENTRETELA QUE DEVE SER ADQUIRIDA SEPARADAMENTE
A42: PRAZO DE ENTREGA: 7 DIAS PARA VARÕES NOVOS E 5 DIAS PARA CONSERTO
A43: FAVOR INFORMAR A ALTURA DO COMANDO DAS CORDAS E O MODELO DE ABERTURA

Sheet Wave-Square-Retangular
A1: VARÕES WAVE
A2: CÓD. | B2: DESCRIÇÃO | D2: CORES | G2: PREÇO | I2: PREÇO
A3: VUD01 | B3: VARÃO WAVE ULTRA DESLIZANTE 28MM * | D3: CROMADO COM VERNIZ | G3: =SUM(I3-(I3*Capa!$C$1)) -> 18.95 | I3: 18.95
A4: VUD01 | B4: VARÃO WAVE ULTRA DESLIZANTE 28MM * | D4: CROMADO SEM VERNIZ | G4: =SUM(I4-(I4*Capa!$C$1)) -> 17.16 | I4: 17.16
A5: VUD01 | B5: VARÃO WAVE ULTRA DESLIZANTE 28MM * | D5: AÇO ESCOVADO | G5: =SUM(I5-(I5*Capa!$C$1)) -> 18.95 | I5: 18.95
A6: VUD01 | B6: VARÃO WAVE ULTRA DESLIZANTE 28MM * | D6: PRETO / BRANCO | G6: =SUM(I6-(I6*Capa!$C$1)) -> 16.8 | I6: 16.8
A7: VUD01 | B7: VARÃO WAVE ULTRA DESLIZANTE 28MM * | D7: DOURADO / OURO VELHO / OURO ROSE | G7: =SUM(I7-(I7*Capa!$C$1)) -> 20.27 | I7: 20.27
A8: VUD02 | B8: VARÃO WAVE ULTRA DESLIZANTE 19MM | D8: CROMADO COM VERNIZ | G8: =SUM(I8-(I8*Capa!$C$1)) -> 12.92 | I8: 12.92
A9: VUD02 | B9: VARÃO WAVE ULTRA DESLIZANTE 19MM | D9: CROMADO SEM VERNIZ | G9: =SUM(I9-(I9*Capa!$C$1)) -> 11.88 | I9: 11.88
A10: VUD02 | B10: VARÃO WAVE ULTRA DESLIZANTE 19MM | D10: AÇO ESCOVADO | G10: =SUM(I10-(I10*Capa!$C$1)) -> 12.92 | I10: 12.92
A11: VUD02 | B11: VARÃO WAVE ULTRA DESLIZANTE 19MM | D11: BRANCO / PRETO / DOUR. / OURO V. / OURO R. | G11: =SUM(I11-(I11*Capa!$C$1)) -> 12.92 | I11: 12.92
A12: TDR | B12: TRILHO SQUARE * | D12: CROMADO / BRANCO / PRETO | G12: =SUM(I12-(I12*Capa!$C$1)) -> 14.3 | I12: 14.3
A13: AC019EX | B13: TRILHO EXTRA ULTRA DESLIZANTE | D13: BRANCO / PRETO | G13: =Trilhos!E5 -> 7.81 | I13: --
A14: AC019EXAB | B14: TRILHO EXTRA ULTRA DESLIZANTE COM ABA | D14: BRANCO / PRETO | G14: =Trilhos!E6 -> 8.98 | I14: --
A15: *VARÕES E TRILHOS COBRADO POR METRO (CORTES SOMENTE ATÉ 4,00MTS)
A16: SUPORTES
A17: CÓD. | B17: DESCRIÇÃO | D17: CORES | G17: PREÇO | I17: PREÇO
A18: STYT | B18: SUPORTE SIMPLES BARI C/ TRAVA *LANÇAMENTO | D18: CROM / AÇO ESC / DOUR/ PRETO / BRANCO / OURO V. / OURO R. | G18: =SUM(I18-(I18*Capa!$C$1)) -> 9.66 | I18: 9.66
A19: STY | B19: SUPORTE SIMPLES BARI | D19: CROM / AÇO ESC / PRETO / BRANCO | G19: =SUM(I19-(I19*Capa!$C$1)) -> 9.66 | I19: 9.66
A20: STDYT | B20: SUPORTE DUPLO BARI C/ TRAVA *LANÇAMENTO | D20: CROM / AÇO ESC / DOUR/ PRETO / BRANCO / OURO V. / OURO R. | G20: =SUM(I20-(I20*Capa!$C$1)) -> 14.7 | I20: 14.7
A21: STDY | B21: SUPORTE DUPLO BARI | D21: CROM / AÇO ESC / PRETO / BRANCO | G21: =SUM(I21-(I21*Capa!$C$1)) -> 14.7 | I21: 14.7
A22: CLTST | B22: SUPORTE CHAPA SIMPLES P/ TETO C/ TRAVA *LANÇAMENTO | D22: BRANCO / PRETO | G22: =SUM(I22-(I22*Capa!$C$1)) -> 4.74 | I22: 4.74
A23: CLTS | B23: SUPORTE CHAPA SIMPLES P/ TETO | D23: BRANCO / PRETO | G23: =SUM(I23-(I23*Capa!$C$1)) -> 4.74 | I23: 4.74
A24: CLTDAT | B24: SUPORTE CHAPA DUPLO P/ TETO C/ TRAVA *LANÇAMENTO | D24: BRANCO / PRETO | G24: =SUM(I24-(I24*Capa!$C$1)) -> 7.59 | I24: 7.59
A25: CLTDA | B25: SUPORTE CHAPA DUPLO P/ TETO | D25: BRANCO / PRETO | G25: =SUM(I25-(I25*Capa!$C$1)) -> 7.59 | I25: 7.59
A26: DTS | B26: SUPORTE SIMPLES SQUARE C/ ROSETA | D26: CROMADO / BRANCO | G26: =SUM(I26-(I26*Capa!$C$1)) -> 19.5 | I26: 19.5
A27: DTA | B27: SUPORTE ALONGADO SQUARE C/ ROSETA | D27: CROMADO / BRANCO | G27: =SUM(I27-(I27*Capa!$C$1)) -> 22.47 | I27: 22.47
A28: DTDI | B28: SUPORTE DUPLO ALONGADO SQUARE C/ ROSETA | D28: CROMADO / BRANCO | G28: =SUM(I28-(I28*Capa!$C$1)) -> 29.98 | I28: 29.98
A29: SLR | B29: SUPORTE L COM REGULAGEM DUPLO 7 X 12 | D29: CROMADO / AÇO ESC. / PRETO / BRANCO | G29: =SUM(I29-(I29*Capa!$C$1)) -> 11.5 | I29: 11.5
... A32: SLDMI | B32: SUPORTE DUPLO ALONGADO MASTER | D32: CROMADO / AÇO ESC. / PRETO / BRANCO | G32: =SUM(I32-(I32*Capa!$C$1)) -> 45.23 | I32: 45.23
A33: AC022EX | B33: PRESILHA P/ TRILHO ULTRA DESLIZANTE EXTRA | D33: BRANCO / PRETO | G33: =Trilhos!E20 -> 1.32 | I33: --
A34: PONTEIRAS
A35: CÓD. | B35: DESCRIÇÃO | D35: CORES | G35: PREÇO | I35: PREÇO
A36: P055W | B36: PONTEIRA TAMPÃO 28MM WAVE | D36: CROM / AÇO ESC / DOUR/ PRETO / BRANCO / OURO V. / OURO R. | G36: =SUM(I36-(I36*Capa!$C$1)) -> 4.43 | I36: 4.43
A37: P056W | B37: PONTEIRA TAMPÃO 19MM WAVE | D37: CROM / AÇO ESC / DOUR/ PRETO / BRANCO / OURO V. / OURO R. | G37: =SUM(I37-(I37*Capa!$C$1)) -> 3.98 | I37: 3.98
A38: PTTD | B38: PONTEIRA SQUARE | D38: CROMADO / BRANCO / PRETO | G38: =SUM(I38-(I38*Capa!$C$1)) -> 9.37 | I38: 9.37
A39: PTEX | B39: PONTEIRA P/ TRILHO EXTRA | D39: BRANCO / PRETO | G39: =Trilhos!D42 -> 1.49 | I39: --
A40: KITS PARA ACIONAMENTO WAVE
A41: CÓD. | B41: DESCRIÇÃO | G41: PREÇO | I41: PREÇO
A42: KCMW | B42: KIT PARA ACIONAMENTO POR CORDA MOD. WAVE PARA VARÃO ULTRA DESLIZANTE E TRILHO EXTRA | G42: =SUM(I42-(I42*Capa!$C$1)) -> 16.96 | I42: 16.96
A43: KWS | B43: KIT PARA ACIONAMENTO POR CORDA PARA TRILHO SQUARE | G43: =SUM(I43-(I43*Capa!$C$1)) -> 27.92 | I43: 27.92
A44: FITAS E ENTRETELA WAVE
A45: CÓD. | B45: DESCRIÇÃO | D45: CORES | F45: METRO/UND | G45: PEÇA 50M | I45: METRO/UND | J45: PEÇA
A46: EWP | B46: ENTRETELA WAVE PLUS | D46: TRANSPARENTE | F46: =SUM(I46-(I46*Capa!$C$1)) -> 7.85 | G46: =SUM(J46-(J46*Capa!$C$1)) -> 329.7 | I46: 7.85 | J46: 329.7
A47: FS02 | B47: FITA WAVE 2 X 1 | D47: BRANCO / PRETO / KAKI / CINZA / BEGE | F47: =SUM(I47-(I47*Capa!$C$1)) -> 6.97 | G47: =SUM(J47-(J47*Capa!$C$1)) -> 249.5 | I47: 6.97 | J47: 249.5
A48: FS02,5 | B48: FITA WAVE 2,5 X 1 | D48: BRANCO / PRETO / KAKI / CINZA / BEGE | F48: =SUM(I48-(I48*Capa!$C$1)) -> 6.97 | G48: =SUM(J48-(J48*Capa!$C$1)) -> 249.5 | I48: 6.97 | J48: 249.5
A49: FS03 | B49: FITA WAVE 3 X 1 | D49: BRANCO / PRETO / KAKI / CINZA / BEGE | F49: =SUM(I49-(I49*Capa!$C$1)) -> 6.97 | G49: =SUM(J49-(J49*Capa!$C$1)) -> 249.5 | I49: 6.97 | J49: 249.5
A50: FS03,5 | B50: FITA WAVE 3,5 X 1 | D50: BRANCO / PRETO / KAKI / CINZA / BEGE | F50: =SUM(I50-(I50*Capa!$C$1)) -> 6.97 | G50: =SUM(J50-(J50*Capa!$C$1)) -> 249.5 | I50: 6.97 | J50: 249.5
A51: FS04 | B51: FITA WAVE 4 X 1 | D51: BRANCO / PRETO / KAKI / CINZA / BEGE | F51: =SUM(I51-(I51*Capa!$C$1)) -> 6.97 | G51: =SUM(J51-(J51*Capa!$C$1)) -> 249.5 | I51: 6.97 | J51: 249.5
A52: AVIAMENTOS WAVE
A53: CÓD. | B53: DESCRIÇÃO | D53: CORES | F53: METRO/UND | G53: 50M / 1000UND | I53: METRO/UND | J53: 50M / 1000UND
A54: RS05ROS | B54: CORDA C/ ESPAÇAMENTO WAVE | D54: BRANCO | F54: =SUM(I54-(I54*Capa!$C$1)) -> 4.74 | G54: =SUM(J54-(J54*Capa!$C$1)) -> 169 | I54: 4.74 | J54: 169
A55: RS05ROD | B55: RODIZIO DESL. P/ WAVE | D55: BRANCO | F55: =SUM(I55-(I55*Capa!$C$1)) -> 0.38 | G55: =SUM(J55-(J55*Capa!$C$1)) -> 210 | I55: 0.38 | J55: 210
A56: KPD | B56: PÊNDULO PARIS | D56: BRANCO | F56: =SUM(I56-(I56*Capa!$C$1)) -> 15.55 | G56: -- | I56: 15.55 | J56: --
A57: GI | B57: PÊNDULO DUBAI C/ STRASS | D57: CROMADO / AÇO ESC. / PRETO / BRANCO | F57: =SUM(I57-(I57*Capa!$C$1)) -> 26.59 | G57: -- | I57: 26.59 | J57: --
A58: PSQUARE | B58: PÊNDULO SQUARE | D58: -- | F58: =SUM(I58-(I58*Capa!$C$1)) -> 27.4 | G58: -- | I58: 27.4 | J58: --
A59: PBARI | B59: PÊNDULO BARI | D59: -- | F59: =SUM(I59-(I59*Capa!$C$1)) -> 18.97 | G59: -- | I59: 18.97 | J59: --
A60: KC01 | B60: CORDA P/ SISTEMA DE ACION. 2.0 | D60: BRANCO | F60: =SUM(I60-(I60*Capa!$C$1)) -> 0.54 | G60: -- | I60: 0.54 | J60: --
A61: KC02 | B61: CORDA P/ SISTEMA DE ACION. 1.6 P/ TRILHO | D61: BRANCO | F61: =SUM(I61-(I61*Capa!$C$1)) -> 0.96 | G61: -- | I61: 0.96 | J61: --
A62: TWM | B62: TERMINAL PARA WAVE SEM ACIONAMENTO | D62: ZINCADO | F62: =SUM(I62-(I62*Capa!$C$1)) -> 2.35 | G62: -- | I62: 2.35 | J62: --
A63: EML | B63: EMENDA P/ TRILHO E VARÃO WAVE | D63: ZINCADO | F63: =SUM(I63-(I63*Capa!$C$1)) -> 11.95 | G63: -- | I63: 11.95 | J63: --
A64: SCW | B64: COTOVELO PARA VARÃO WAVE | D64: CROMADO / AÇO ESC. / PRETO / BRANCO | F64: =SUM(I64-(I64*Capa!$C$1)) -> 19.98 | G64: -- | I64: 19.98 | J64: --
A65: CLK | B65: CLICK CENTRAL | D65: BRANCO | F65: =SUM(I65-(I65*Capa!$C$1)) -> 0.45 | G65: -- | I65: 0.45 | J65: --
A66: RWM | B66: RODIZIO DESL. WAVE MAXI P/ CLIPS | D66: BRANCO / PRETO | F66: =SUM(I66-(I66*Capa!$C$1)) -> 0.18 | G66: =SUM(J66-(J66*Capa!$C$1)) -> 112.8 | I66: 0.18 | J66: 112.8
A67: PPD | B67: PÊNDULO DE PAREDE | D67: BRANCO | F67: =SUM(I67-(I67*Capa!$C$1)) -> 9.95 | G67: -- | I67: 9.95 | J67: --

Sheet Trilhos
A1: TRILHO ULTRA DESLIZANTE
A2: *TRILHOS: VALOR COBRADO POR METRO (CORTES SOMENTE ATÉ 4,00MTS)
A3: CÓD. | B3: DESCRIÇÃO | C3: CORES | D3: QUANT. | E3: PREÇO | G3: PREÇO
A4: AC019 | B4: TRILHO ULTRA DESLIZANTE (1) | C4: BRANCO | D4: METRO | E4: =SUM(G4-(G4*Capa!$C$1)) -> 5.35 | G4: 5.35
A5: AC019EX | B5: TRILHO EXTRA ULTRA DESLIZANTE | C5: BRANCO/PRETO | D5: METRO | E5: =SUM(G5-(G5*Capa!$C$1)) -> 7.81 | G5: 7.81
A6: AC019EXAB | B6: TRILHO EXTRA ULTRA DESLIZANTE COM ABA | C6: BRANCO/PRETO | D6: METRO | E6: =SUM(G6-(G6*Capa!$C$1)) -> 8.98 | G6: 8.98
A7: AC020 | B7: TRILHO ULTRA DESLIZANTE DUPLO (2) | C7: BRANCO | D7: METRO | E7: =SUM(G7-(G7*Capa!$C$1)) -> 12.4 | G7: 12.4
A8: AC020AL | B8: TRILHO ULTRA DESLIZANTE DUPLO (2) ESPAÇADO | C8: BRANCO | D8: METRO | E8: =SUM(G8-(G8*Capa!$C$1)) -> 15.64 | G8: 15.64
A9: AC021 | B9: TRILHO ULTRA DESLIZANTE TRIPLO (3) | C9: BRANCO | D9: METRO | E9: =SUM(G9-(G9*Capa!$C$1)) -> 18.66 | G9: 18.66
A10: AC028 | B10: TRILHO ULTRA DESLIZANTE SIMPLES (1) C/ SANEFA | C10: BRANCO | D10: METRO | E10: =SUM(G10-(G10*Capa!$C$1)) -> 12.5 | G10: 12.5
A11: AC028D | B11: TRILHO ULTRA DESLIZANTE DUPLO (2) C/ SANEFA | C11: BRANCO | D11: METRO | E11: =SUM(G11-(G11*Capa!$C$1)) -> 18.65 | G11: 18.65
A12: AC037 | B12: TRILHO ULTRA DESLIZANTE SIMPLES (1) C/ ABA | C12: BRANCO | D12: METRO | E12: =SUM(G12-(G12*Capa!$C$1)) -> 5.91 | G12: 5.91
A13: AC030 | B13: TRILHO ULTRA DESLIZANTE CURVO | C13: BRANCO | D13: METRO | E13: =SUM(G13-(G13*Capa!$C$1)) -> 8.52 | G13: 8.52
A14: PRESILHA P/ TRILHO ULTRA DESLIZANTE
A15: CÓD. | B15: DESCRIÇÃO | C15: COR | D15: QUANT. | E15: PREÇO | G15: PREÇO
A16: AC022P | B16: PRESILHA EM POLIACETAL P/ TRILHO ULTRA DESLIZANTE (1) | C16: BRANCO/PRETO | D16: UNIDADE | E16: =SUM(G16-(G16*Capa!$C$1)) -> 1.32 | G16: 1.32
A17: AC029P | B17: PRESILHA EM POLIACETAL P/ TRILHO ULTRA DESL. SIMPLES (1) C/ SANEFA | C17: BRANCO | D17: UNIDADE | E17: =SUM(G17-(G17*Capa!$C$1)) -> 1.38 | G17: 1.38
A18: AC023P | B18: PRESILHA EM POLIACETAL P/ TRILHO ULTRA DESLIZANTE (2) | C18: BRANCO | D18: UNIDADE | E18: =SUM(G18-(G18*Capa!$C$1)) -> 1.45 | G18: 1.45
A19: AC023P | B19: PRESILHA EM POLIACETAL P/ TRILHO ULTRA DESL. DUPLO (2) C/ SANEFA | C19: BRANCO | D19: UNIDADE | E19: =SUM(G19-(G19*Capa!$C$1)) -> 1.45 | G19: 1.45
A20: AC022P | B20: PRESILHA EM POLIACETAL P/ TRILHO EXTRA | C20: BRANCO/PRETO | D20: UNIDADE | E20: =SUM(G20-(G20*Capa!$C$1)) -> 1.32 | G20: 1.32
A21: AC022 | B21: PRESILHA P/ TRILHO ULTRA DESLIZANTE (1) (METAL) | C21: BRANCO | D21: UNIDADE | E21: =SUM(G21-(G21*Capa!$C$1)) -> 1.97 | G21: 1.97
A22: AC023 | B22: PRESILHA P/ TRILHO ULTRA DESLIZANTE (2) (METAL) | C22: BRANCO | D22: UNIDADE | E22: =SUM(G22-(G22*Capa!$C$1)) -> 2.08 | G22: 2.08
A23: AC024 | B23: PRESILHA P/ TRILHO ULTRA DESLIZANTE (3) (METAL) | C23: BRANCO | D23: UNIDADE | E23: =SUM(G23-(G23*Capa!$C$1)) -> 2.65 | G23: 2.65
A24: AC022 | B24: PRESILHA P/ TRILHO ULTRA DESLIZANTE EXTRA (METAL) | C24: BRANCO | D24: UNIDADE | E24: =SUM(G24-(G24*Capa!$C$1)) -> 1.97 | G24: 1.97
A25: AC029 | B25: PRESILHA P/ TRILHO ULTRA DESLIZANTE SIMPLES (1) C/ SANEFA (METAL) | C25: BRANCO | D25: UNIDADE | E25: =SUM(G25-(G25*Capa!$C$1)) -> 2.08 | G25: 2.08
A26: AC029D | B26: PRESILHA P/ TRILHO ULTRA DESLIZANTE DUPLO (2) C/ SANEFA (METAL) | C26: BRANCO | D26: UNIDADE | E26: =SUM(G26-(G26*Capa!$C$1)) -> 2.08 | G26: 2.08
A27: ACESSÓRIOS P/ TRILHO ULTRA DESLIZANTE
A28: CÓD. | B28: DESCRIÇÃO | C28: QUANT. | D28: PREÇO | E28: 100 UND | G28: PREÇO | H28: 100UND
A29: AC025 | B29: RODIZIO P/ TRILHO ULTRA DESLIZANTE REDONDO | C29: UNIDADE | D29: =SUM(G29-(G29*Capa!$C$1)) -> 0.35 | E29: =SUM(H29-(H29*Capa!$C$1)) -> 21.85 | G29: 0.35 | H29: 21.85
A30: AC025A | B30: RODIZIO P/ TRILHO ULTRA DESLIZANTE QUADRADO | C30: UNIDADE | D30: =SUM(G30-(G30*Capa!$C$1)) -> 0.49 | E30: =SUM(H30-(H30*Capa!$C$1)) -> 23 | G30: 0.49 | H30: 23
A31: AC025 | B31: RODIZIO P/ TRILHO ULTRA DESLIZANTE REDONDO - PACOTE COM 1.000 | C31: MIL | D31: =SUM(G31-(G31*Capa!$C$1)) -> 164 | E31: -- | G31: 164 | H31: --
A32: AC025A | B32: RODIZIO P/ TRILHO ULTRA DESLIZANTE QUADRADO - PACOTE COM 1.000 | C32: MIL | D32: =SUM(G32-(G32*Capa!$C$1)) -> 188 | E32: -- | G32: 188 | H32: --
A33: AC026 | B33: TERMINAL P/ TRILHO ULTRA DESLIZANTE (METAL) | C33: UNIDADE | D33: =SUM(G33-(G33*Capa!$C$1)) -> 1.86 | E33: -- | G33: 1.86 | H33: --
A34: AC026A | B34: TERMINAL P/ TRILHO ULTRA DESLIZANTE (NYLON) | C34: UNIDADE | D34: =SUM(G34-(G34*Capa!$C$1)) -> 0.39 | E34: -- | G34: 0.39 | H34: --
A35: AC035 | B35: CLIPS P/ TRILHO ULTRA DESLIZANTE | C35: UNIDADE | D35: =SUM(G35-(G35*Capa!$C$1)) -> 0.19 | E35: -- | G35: 0.19 | H35: --
A36: AC035 | B36: CLIPS P/ TRILHO ULTRA DESLIZANTE | C36: MIL | D36: =SUM(G36-(G36*Capa!$C$1)) -> 152 | E36: -- | G36: 152 | H36: --
A37: AC031 | B37: SUPORTE TETO P/ TRILHO CURVO | C37: UNIDADE | D37: =SUM(G37-(G37*Capa!$C$1)) -> 3.28 | E37: -- | G37: 3.28 | H37: --
A38: AC032 | B38: SUPORTE PAREDE P/ TRILHO CURVO | C38: UNIDADE | D38: =SUM(G38-(G38*Capa!$C$1)) -> 4.02 | E38: -- | G38: 4.02 | H38: --
A39: AC033 | B39: RODIZIO DESLIZANTE P/ TRILHO CURVO | C39: UNIDADE | D39: =SUM(G39-(G39*Capa!$C$1)) -> 0.45 | E39: -- | G39: 0.45 | H39: --
A40: AC034 | B40: TERMINAL P/ TRILHO CURVO | C40: UNIDADE | D40: =SUM(G40-(G40*Capa!$C$1)) -> 0.9 | E40: -- | G40: 0.9 | H40: --
A41: AC039 | B41: TERMINAL MAX | C41: UNIDADE | D41: =SUM(G41-(G41*Capa!$C$1)) -> 0.75 | E41: -- | G41: 0.75 | H41: --
A42: PTEX | B42: PONTEIRA P/ TRILHO EXTRA COM ABA E SEM ABA | C42: UNIDADE | D42: =SUM(G42-(G42*Capa!$C$1)) -> 1.49 | E42: -- | G42: 1.49 | H42: --
A43: AC043 | B43: TERMINAL TAMPA TRILHO CURVO | C43: UNIDADE | D43: =SUM(G43-(G43*Capa!$C$1)) -> 1.84 | E43: -- | G43: 1.84 | H43: --
A44: TRILHO ALUMÍNIO
A45: *TRILHOS: VALOR COBRADO POR METRO (CORTES SOMENTE ATÉ 4,00MTS)
A46: CÓD. | B46: DESCRIÇÃO | D46: QUANT. | E46: PREÇO | G46: PREÇO
A47: AC016 | B47: TRILHO ALUMÍNIO DUPLO | D47: METRO | E47: =SUM(G47-(G47*Capa!$C$1)) -> 6.88 | G47: 6.88
A48: AC017 | B48: TRILHO ALUMÍNIO TRIPLO | D48: METRO | E48: =SUM(G48-(G48*Capa!$C$1)) -> 8.45 | G48: 8.45
A49: AC018 | B49: TRILHO ALUMÍNIO QUADUPLO | D49: METRO | E49: =SUM(G49-(G49*Capa!$C$1)) -> 11.89 | G49: 11.89
A50: AC009 | B50: RODIZIO DE FERRO ZINCADO | D50: UNIDADE | E50: =SUM(G50-(G50*Capa!$C$1)) -> 0.34 | G50: 0.34
B51: PACOTE C/ 100 RODIZIO ZINCADO | D51: CENTO | E51: =SUM(G51-(G51*Capa!$C$1)) -> 27.8 | G51: 27.8
A52: AC010 | B52: PACOTE C/ 1000 RODIZIO ZINCADO | D52: MIL | E52: =SUM(G52-(G52*Capa!$C$1)) -> 259 | G52: 259
A53: AC011 | B53: TERMINAL P/ TRILHO ALUMINIO | D53: UNIDADE | E53: =SUM(G53-(G53*Capa!$C$1)) -> 0.3 | G53: 0.3
A54: ADICIONAL DE EMBALAGEM (TUBO DE PAPELÃO REFORÇADO)
A55: DESCRIÇÃO | D55: VALOR POR METRO | G55: VALOR POR METRO
A56: TUBO DE PAPELÃO PEQUENO - EMBALAGEM PARA ATÉ 10 TRILHOS SIMPLES OU 3 VARÕES | D56: ='Cor Metal'!H9 -> 6.25
A57: TUBO DE PAPELÃO GRANDE - EMBALAGEM PARA ATÉ 30 TRILHOS SIMPLES OU 8 VARÕES | D57: ='Cor Metal'!H10 -> 9.54

Sheet SUPPVC-Retangular-Unic
A1: SUPORTE EM PVC
A2: CÓD. | B2: DESCRIÇÃO | F2: CROMADO | G2: AÇO ESC. | H2: CORES MADEIRA | J2: CROMADO | K2: AÇO ESC.
A3: SP001 | B3: SUPORTE 19MM PVC JOGO COM PONTEIRAS | F3: =SUM(J3-(J3*Capa!$C$1)) -> 7.25 | G3: =SUM(K3-(K3*Capa!$C$1)) -> 3.57 | H3: ='Cor Madeira'!D38 -> 3.57 | J3: 7.25 | K3: 3.57
A4: SP002 | B4: SUPORTE 28MM PVC JOGO COM PONTEIRAS | F4: =SUM(J4-(J4*Capa!$C$1)) -> 7.49 | G4: =SUM(K4-(K4*Capa!$C$1)) -> 4.55 | H4: ='Cor Madeira'!D39 -> 4.55 | J4: 7.49 | K4: 4.55
A5: SP003 | B5: SUPORTE DUPLO 19/19MM PVC JOGO COM PONTEIRAS | F5: =SUM(J5-(J5*Capa!$C$1)) -> 9.89 | G5: =SUM(K5-(K5*Capa!$C$1)) -> 5.7 | H5: ='Cor Madeira'!D40 -> 5.7 | J5: 9.89 | K5: 5.7
A6: SP004 | B6: SUPORTE DUPLO 19/28MM PVC JOGO COM PONTEIRAS | F6: =SUM(J6-(J6*Capa!$C$1)) -> 11.1 | G6: =SUM(K6-(K6*Capa!$C$1)) -> 6.23 | H6: ='Cor Madeira'!D41 -> 6.23 | J6: 11.1 | K6: 6.23
A7: SP005 | B7: FLANGE 19MM PVC JOGO | F7: =SUM(J7-(J7*Capa!$C$1)) -> 5.24 | G7: =SUM(K7-(K7*Capa!$C$1)) -> 2.65 | H7: ='Cor Madeira'!D42 -> 2.65 | J7: 5.24 | K7: 2.65
A8: SP006 | B8: FLANGE 28MM PVC JOGO | F8: =SUM(J8-(J8*Capa!$C$1)) -> 5.98 | G8: =SUM(K8-(K8*Capa!$C$1)) -> 3.02 | H8: ='Cor Madeira'!D43 -> 3.02 | J8: 5.98 | K8: 3.02
A9: LINHA RETANGULAR
A10: CÓD. | B10: DESCRIÇÃO | F10: CORES | H10: PREÇO | J10: PREÇO
A11: TA | B11: VARÃO RETANGULAR * | F11: CROMADO / AÇO ESC / PRETO | H11: =SUM(J11-(J11*Capa!$C$1)) -> 33.89 | J11: 33.89
A12: SAM | B12: SUP. SIMPLES RETANGULAR | F12: CROMADO / AÇO ESC / PRETO | H12: =SUM(J12-(J12*Capa!$C$1)) -> 25.86 | J12: 25.86
A13: SAMD | B13: SUP. DUPLO RETANGULAR | F13: CROMADO / AÇO ESC / PRETO | H13: =SUM(J13-(J13*Capa!$C$1)) -> 41.32 | J13: 41.32
A14: SAMT | B14: SUP. TETO RETANGULAR | F14: CROMADO / AÇO ESC / PRETO | H14: =SUM(J14-(J14*Capa!$C$1)) -> 16.54 | J14: 16.54
A15: FAN | B15: FLANGE RETANGULAR | F15: CROMADO / AÇO ESC / PRETO | H15: =SUM(J15-(J15*Capa!$C$1)) -> 14.06 | J15: 14.06
A16: PA | B16: PONTEIRA RETANGULAR | F16: CROMADO / AÇO ESC / PRETO | H16: =SUM(J16-(J16*Capa!$C$1)) -> 12.62 | J16: 12.62
A17: PAS | B17: PONTEIRA RETANGULAR C/ STRASS | F17: CROMADO / AÇO ESC / PRETO | H17: =SUM(J17-(J17*Capa!$C$1)) -> 21.32 | J17: 21.32
A18: ACL | B18: ARGOLA RETANGULAR | F18: CROMADO / AÇO ESC / PRETO | H18: =SUM(J18-(J18*Capa!$C$1)) -> 4.76 | J18: 4.76
A19: IAM | B19: ILHOS RETANGULAR CROMADO (PACOTE C/ 50 UNIDADES) | F19: CROMADO | H19: =SUM(J19-(J19*Capa!$C$1)) -> 63 | J19: 63
A20: IAM | B20: ILHOS RETANGULAR AÇO ESCOVADO (PACOTE C/ 50 UNIDADES) | F20: AÇO ESCOVADO | H20: =SUM(J20-(J20*Capa!$C$1)) -> 63 | J20: 63
A21: IAM | B21: ILHOS RETANGULAR PRETO (PACOTE C/ 50 UNIDADES) | F21: PRETO | H21: =SUM(J21-(J21*Capa!$C$1)) -> 45.73 | J21: 45.73
A22: *VARÕES E TRILHOS COBRADO POR METRO (CORTES SOMENTE ATÉ 4,00MTS)
A23: LINHA UNIC
A24: CÓD. | B24: DESCRIÇÃO | F24: CORES | H24: PREÇO | J24: PREÇO
A25: VU45 | B25: VARÃO UNIC 45MM * | F25: CROMADO / AÇO ESC / PRETO | H25: =SUM(J25-(J25*Capa!$C$1)) -> 55.11 | J25: 55.11
A26: SSU | B26: SUPORTE SIMPLES 45MM | F26: CROMADO / AÇO ESC / PRETO | H26: =SUM(J26-(J26*Capa!$C$1)) -> 42.76 | J26: 42.76
A27: SFU | B27: SUPORTE FLANGE 45MM | F27: CROMADO / AÇO ESC / PRETO | H27: =SUM(J27-(J27*Capa!$C$1)) -> 8.93 | J27: 8.93
A28: IU45 | B28: ILHÓS REDONDO 45MM CROMADO (PACOTE C/ 50 UNIDADES) | F28: CROMADO | H28: =SUM(J28-(J28*Capa!$C$1)) -> 86.67 | J28: 86.67
A29: IU45 | B29: ILHÓS REDONDO 45MM AÇO ESCOVADO (PACOTE C/ 50 UNIDADES) | F29: AÇO ESCOVADO | H29: =SUM(J29-(J29*Capa!$C$1)) -> 86.67 | J29: 86.67
A30: IU45 | B30: ILHÓS REDONDO 45MM PRETO (PACOTE C/ 50 UNIDADES) | F30: PRETO | H30: =SUM(J30-(J30*Capa!$C$1)) -> 51.81 | J30: 51.81
A31: AU45 | B31: ARGOLA METAL 45MM (UNIDADE) | F31: CROMADO / AÇO ESC / PRETO | H31: =SUM(J31-(J31*Capa!$C$1)) -> 4.57 | J31: 4.57
A32: PUC45 | B32: PONTEIRA CRISTAL 45MM | F32: CROMADO / AÇO ESC / PRETO | H32: =SUM(J32-(J32*Capa!$C$1)) -> 15.54 | J32: 15.54
A33: PTU45 | B33: PONTEIRA TAMPÃO 45MM | F33: CROMADO / AÇO ESC / PRETO | H33: =SUM(J33-(J33*Capa!$C$1)) -> 8.93 | J33: 8.93
A34: *VARÕES E TRILHOS COBRADO POR METRO (CORTES SOMENTE ATÉ 4,00MTS)

Sheet Cor Metal
A1: VARÕES EM ALUMÍNIO
A2: *VARÕES: VALOR COBRADO POR METRO (CORTES SOMENTE ATÉ 4,00MTS)
A3: CÓD. | B3: DESCRIÇÃO | D3: DOURADO | E3: CROMADO | F3: AÇO ESC. | G3: OURO V. | H3: BRANCO | I3: PRETO | K3: DOURADO | L3: CROMADO | M3: AÇO ESC. | N3: OURO VELHO | O3: BRANCO | P3: PRETO
A4: TAL002 | B4: VARÃO 28MM ALUMÍNIO | D4: =SUM(K4-(K4*Capa!$C$1)) -> 13.8 | E4: =SUM(L4-(L4*Capa!$C$1)) -> 10.6 | F4: =SUM(M4-(M4*Capa!$C$1)) -> 11.16 | G4: =SUM(N4-(N4*Capa!$C$1)) -> 21.94 | H4: =SUM(O4-(O4*Capa!$C$1)) -> 10.38 | I4: =SUM(P4-(P4*Capa!$C$1)) -> 10.38 | K4: 13.8 | L4: 10.6 | M4: 11.16 | N4: 21.94 | O4: 10.38 | P4: 10.38
A5: TAL003 | B5: VARÃO 19MM ALUMÍNIO | D5: =SUM(K5-(K5*Capa!$C$1)) -> 12.96 | E5: =SUM(L5-(L5*Capa!$C$1)) -> 7.98 | F5: =SUM(M5-(M5*Capa!$C$1)) -> 8.59 | G5: =SUM(N5-(N5*Capa!$C$1)) -> 14.41 | H5: =SUM(O5-(O5*Capa!$C$1)) -> 7.15 | I5: =SUM(P5-(P5*Capa!$C$1)) -> 7.15 | K5: 12.96 | L5: 7.98 | M5: 8.59 | N5: 14.41 | O5: 7.15 | P5: 7.15
A6: TAL004 | B6: VARÃO 13MM ALUMÍNIO | D6: =SUM(K6-(K6*Capa!$C$1)) -> 11.98 | E6: =SUM(L6-(L6*Capa!$C$1)) -> 10.38 | F6: =SUM(M6-(M6*Capa!$C$1)) -> 10.38 | G6: =SUM(N6-(N6*Capa!$C$1)) -> 14.41 | H6: =SUM(O6-(O6*Capa!$C$1)) -> 10.38 | I6: -- | K6: 11.98 | L6: 10.38 | M6: 10.38 | N6: 14.41 | O6: 10.38 | P6: --
A7: ADICIONAL DE EMBALAGEM (TUBO DE PAPELÃO REFORÇADO)
A8: DESCRIÇÃO | H8: VALOR POR METRO | K8: VALOR POR METRO
A9: TUBO DE PAPELÃO PEQUENO - EMBALAGEM PARA ATÉ 10 TRILHOS SIMPLES OU 3 VARÕES | H9: =SUM(K9-(K9*Capa!$C$1)) -> 6.25 | K9: 6.25
A10: TUBO DE PAPELÃO GRANDE - EMBALAGEM PARA ATÉ 30 TRILHOS SIMPLES OU 8 VARÕES | H10: =SUM(K10-(K10*Capa!$C$1)) -> 9.54 | K10: 9.54
A11: SUPORTES COM ROSETA OVAL FIXA
A12: CÓD. | B12: DESCRIÇÃO | D12: DOURADO | E12: CROMADO | F12: AÇO ESC. | G12: OURO V. | H12: BRANCO | I12: PRETO | K12: DOURADO | L12: CROMADO | M12: AÇO ESC. | N12: OURO VELHO | O12: BRANCO | P12: PRETO
A13: SL065ALX | B13: SUPORTE SIMPLES 28MM C/ ROSETA OVAL FIXA | D13: =SUM(K13-(K13*Capa!$C$1)) -> 13.66 | E13: =SUM(L13-(L13*Capa!$C$1)) -> 13.66 | F13: =SUM(M13-(M13*Capa!$C$1)) -> 13.66 | G13: =SUM(N13-(N13*Capa!$C$1)) -> 13.66 | H13: =SUM(O13-(O13*Capa!$C$1)) -> 13.66 | I13: =SUM(P13-(P13*Capa!$C$1)) -> 13.66 | K13: 13.66 | L13: 13.66 | M13: 13.66 | N13: 13.66 | O13: 13.66 | P13: 13.66
A14: SB122ALX | B14: SUPORTE 28MM COM 7CM C/ ROSETA OVAL FIXA | D14: =SUM(K14-(K14*Capa!$C$1)) -> 14.95 | E14: =SUM(L14-(L14*Capa!$C$1)) -> 14.95 | F14: =SUM(M14-(M14*Capa!$C$1)) -> 14.95 | G14: =SUM(N14-(N14*Capa!$C$1)) -> 14.95 | H14: =SUM(O14-(O14*Capa!$C$1)) -> 14.95 | I14: =SUM(P14-(P14*Capa!$C$1)) -> 14.95 | K14: 14.95 | L14: 14.95 | M14: 14.95 | N14: 14.95 | O14: 14.95 | P14: 14.95
A15: SB123ALX | B15: SUPORTE 28MM COM 15CM C/ ROSETA OVAL FIXA | D15: =SUM(K15-(K15*Capa!$C$1)) -> 18.63 | E15: =SUM(L15-(L15*Capa!$C$1)) -> 18.63 | F15: =SUM(M15-(M15*Capa!$C$1)) -> 18.63 | G15: =SUM(N15-(N15*Capa!$C$1)) -> 18.63 | H15: =SUM(O15-(O15*Capa!$C$1)) -> 18.63 | I15: =SUM(P15-(P15*Capa!$C$1)) -> 18.63 | K15: 18.63 | L15: 18.63 | M15: 18.63 | N15: 18.63 | O15: 18.63 | P15: 18.63
A16: SB124ALX | B16: SUPORTE 28MM COM 20CM C/ ROSETA OVAL FIXA | D16: =SUM(K16-(K16*Capa!$C$1)) -> 20.34 | E16: =SUM(L16-(L16*Capa!$C$1)) -> 20.34 | F16: =SUM(M16-(M16*Capa!$C$1)) -> 20.34 | G16: =SUM(N16-(N16*Capa!$C$1)) -> 20.34 | H16: -- | I16: -- | K16: 20.34 | L16: 20.34 | M16: 20.34 | N16: 20.34 | O16: -- | P16: --
A17: SL066ALX | B17: SUPORTE SIMPLES 19MM C/ ROSETA OVAL FIXA | D17: =SUM(K17-(K17*Capa!$C$1)) -> 13.33 | E17: =SUM(L17-(L17*Capa!$C$1)) -> 13.33 | F17: =SUM(M17-(M17*Capa!$C$1)) -> 13.33 | G17: =SUM(N17-(N17*Capa!$C$1)) -> 13.33 | H17: =SUM(O17-(O17*Capa!$C$1)) -> 13.33 | I17: =SUM(P17-(P17*Capa!$C$1)) -> 13.33 | K17: 13.33 | L17: 13.33 | M17: 13.33 | N17: 13.33 | O17: 13.33 | P17: 13.33
A18: SB119ALX | B18: SUPORTE 19MM COM 7CM C/ ROSETA OVAL FIXA | D18: =SUM(K18-(K18*Capa!$C$1)) -> 14.9 | E18: =SUM(L18-(L18*Capa!$C$1)) -> 14.9 | F18: =SUM(M18-(M18*Capa!$C$1)) -> 14.9 | G18: =SUM(N18-(N18*Capa!$C$1)) -> 14.9 | H18: =SUM(O18-(O18*Capa!$C$1)) -> 14.9 | I18: =SUM(P18-(P18*Capa!$C$1)) -> 14.9 | K18: 14.9 | L18: 14.9 | M18: 14.9 | N18: 14.9 | O18: 14.9 | P18: 14.9
A19: SB120ALX | B19: SUPORTE 19MM COM 15CM C/ ROSETA OVAL FIXA | D19: =SUM(K19-(K19*Capa!$C$1)) -> 17.1 | E19: =SUM(L19-(L19*Capa!$C$1)) -> 17.1 | F19: =SUM(M19-(M19*Capa!$C$1)) -> 17.1 | G19: =SUM(N19-(N19*Capa!$C$1)) -> 17.1 | H19: -- | I19: -- | K19: 17.1 | L19: 17.1 | M19: 17.1 | N19: 17.1 | O19: -- | P19: --
A20: SL067ALX | B20: SUPORTE SIMPLES 13MM C/ ROSETA OVAL FIXA | D20: =SUM(K20-(K20*Capa!$C$1)) -> 11.8 | E20: =SUM(L20-(L20*Capa!$C$1)) -> 11.8 | F20: =SUM(M20-(M20*Capa!$C$1)) -> 11.8 | G20: =SUM(N20-(N20*Capa!$C$1)) -> 11.8 | H20: -- | I20: -- | K20: 11.8 | L20: 11.8 | M20: 11.8 | N20: 11.8 | O20: -- | P20: --
A21: SL069 | B21: SUPORTE PITÃO 13MM COM PÉ | D21: =SUM(K21-(K21*Capa!$C$1)) -> 5.62 | E21: =SUM(L21-(L21*Capa!$C$1)) -> 5.62 | F21: =SUM(M21-(M21*Capa!$C$1)) -> 5.62 | G21: =SUM(N21-(N21*Capa!$C$1)) -> 5.62 | H21: -- | I21: -- | K21: 5.62 | L21: 5.62 | M21: 5.62 | N21: 5.62 | O21: -- | P21: --
A22: SL060ALX | B22: SUPORTE DUPLO 19/19MM C/ ROSETA OVAL FIXA | D22: =SUM(K22-(K22*Capa!$C$1)) -> 16.59 | E22: =SUM(L22-(L22*Capa!$C$1)) -> 16.59 | F22: =SUM(M22-(M22*Capa!$C$1)) -> 16.59 | G22: =SUM(N22-(N22*Capa!$C$1)) -> 16.59 | H22: =SUM(O22-(O22*Capa!$C$1)) -> 16.59 | I22: =SUM(P22-(P22*Capa!$C$1)) -> 16.59 | K22: 16.59 | L22: 16.59 | M22: 16.59 | N22: 16.59 | O22: 16.59 | P22: 16.59
A23: SL058ALX | B23: SUPORTE DUPLO 19/28MM C/ ROSETA OVAL FIXA | D23: =SUM(K23-(K23*Capa!$C$1)) -> 17.61 | E23: =SUM(L23-(L23*Capa!$C$1)) -> 17.61 | F23: =SUM(M23-(M23*Capa!$C$1)) -> 17.61 | G23: =SUM(N23-(N23*Capa!$C$1)) -> 17.61 | H23: =SUM(O23-(O23*Capa!$C$1)) -> 17.61 | I23: =SUM(P23-(P23*Capa!$C$1)) -> 17.61 | K23: 17.61 | L23: 17.61 | M23: 17.61 | N23: 17.61 | O23: 17.61 | P23: 17.61
A24: SL059ALX | B24: SUPORTE DUPLO 28/28MM C/ ROSETA OVAL FIXA | D24: =SUM(K24-(K24*Capa!$C$1)) -> 18.98 | E24: =SUM(L24-(L24*Capa!$C$1)) -> 18.98 | F24: =SUM(M24-(M24*Capa!$C$1)) -> 18.98 | G24: =SUM(N24-(N24*Capa!$C$1)) -> 18.98 | H24: -- | I24: -- | K24: 18.98 | L24: 18.98 | M24: 18.98 | N24: 18.98 | O24: -- | P24: --
A25: SB145ALX | B25: SUPORTE DUPLO 19/19MM P/ ILHOS 08CM X 04CM | D25: =SUM(K25-(K25*Capa!$C$1)) -> 19.98 | E25: =SUM(L25-(L25*Capa!$C$1)) -> 19.98 | F25: =SUM(M25-(M25*Capa!$C$1)) -> 19.98 | G25: =SUM(N25-(N25*Capa!$C$1)) -> 19.98 | H25: -- | I25: -- | K25: 19.98 | L25: 19.98 | M25: 19.98 | N25: 19.98 | O25: -- | P25: --
A26: SB146ALX | B26: SUPORTE DUPLO 19/28MM P/ ILHOS 08CM X 04CM | D26: =SUM(K26-(K26*Capa!$C$1)) -> 20.34 | E26: =SUM(L26-(L26*Capa!$C$1)) -> 20.34 | F26: =SUM(M26-(M26*Capa!$C$1)) -> 20.34 | G26: =SUM(N26-(N26*Capa!$C$1)) -> 20.34 | H26: =SUM(O26-(O26*Capa!$C$1)) -> 20.34 | I26: =SUM(P26-(P26*Capa!$C$1)) -> 20.34 | K26: 20.34 | L26: 20.34 | M26: 20.34 | N26: 20.34 | O26: 20.34 | P26: 20.34
A27: SL063ALX | B27: SUPORTE TRIPLO 19/19/28MM C/ ROSETA OVAL FIXA | D27: =SUM(K27-(K27*Capa!$C$1)) -> 22.43 | E27: =SUM(L27-(L27*Capa!$C$1)) -> 22.43 | F27: =SUM(M27-(M27*Capa!$C$1)) -> 22.43 | G27: =SUM(N27-(N27*Capa!$C$1)) -> 22.43 | H27: -- | I27: -- | K27: 22.43 | L27: 22.43 | M27: 22.43 | N27: 22.43 | O27: -- | P27: --
A28: SL079ALX | B28: SUPORTE TETO 19MM C/ ROSETA OVAL FIXA | D28: =SUM(K28-(K28*Capa!$C$1)) -> 13.76 | E28: =SUM(L28-(L28*Capa!$C$1)) -> 13.76 | F28: =SUM(M28-(M28*Capa!$C$1)) -> 13.76 | G28: =SUM(N28-(N28*Capa!$C$1)) -> 13.76 | H28: =SUM(O28-(O28*Capa!$C$1)) -> 13.76 | I28: =SUM(P28-(P28*Capa!$C$1)) -> 13.76 | K28: 13.76 | L28: 13.76 | M28: 13.76 | N28: 13.76 | O28: 13.76 | P28: 13.76
A29: SL078ALX | B29: SUPORTE TETO 28MM C/ ROSETA OVAL FIXA | D29: =SUM(K29-(K29*Capa!$C$1)) -> 14.48 | E29: =SUM(L29-(L29*Capa!$C$1)) -> 14.48 | F29: =SUM(M29-(M29*Capa!$C$1)) -> 14.48 | G29: =SUM(N29-(N29*Capa!$C$1)) -> 14.48 | H29: =SUM(O29-(O29*Capa!$C$1)) -> 14.48 | I29: =SUM(P29-(P29*Capa!$C$1)) -> 14.48 | K29: 14.48 | L29: 14.48 | M29: 14.48 | N29: 14.48 | O29: 14.48 | P29: 14.48
A30: SL143ALX | B30: SUPORTE TETO DUPLO 19/19MM C/ ROSETA OVAL FIXA | D30: =SUM(K30-(K30*Capa!$C$1)) -> 17.95 | E30: =SUM(L30-(L30*Capa!$C$1)) -> 17.95 | F30: =SUM(M30-(M30*Capa!$C$1)) -> 17.95 | G30: =SUM(N30-(N30*Capa!$C$1)) -> 17.95 | H30: =SUM(O30-(O30*Capa!$C$1)) -> 17.95 | I30: =SUM(P30-(P30*Capa!$C$1)) -> 17.95 | K30: 17.95 | L30: 17.95 | M30: 17.95 | N30: 17.95 | O30: 17.95 | P30: 17.95
A31: SL062ALX | B31: SUPORTE TETO DUPLO 19/28MM C/ ROSETA OVAL FIXA | D31: =SUM(K31-(K31*Capa!$C$1)) -> 18.29 | E31: =SUM(L31-(L31*Capa!$C$1)) -> 18.29 | F31: =SUM(M31-(M31*Capa!$C$1)) -> 18.29 | G31: =SUM(N31-(N31*Capa!$C$1)) -> 18.29 | H31: =SUM(O31-(O31*Capa!$C$1)) -> 18.29 | I31: =SUM(P31-(P31*Capa!$C$1)) -> 18.29 | K31: 18.29 | L31: 18.29 | M31: 18.29 | N31: 18.29 | O31: 18.29 | P31: 18.29
A32: SL144ALX | B32: SUPORTE TETO DUPLO 28/28MM C/ ROSETA OVAL FIXA | D32: =SUM(K32-(K32*Capa!$C$1)) -> 18.72 | E32: =SUM(L32-(L32*Capa!$C$1)) -> 18.72 | F32: =SUM(M32-(M32*Capa!$C$1)) -> 18.72 | G32: =SUM(N32-(N32*Capa!$C$1)) -> 18.72 | H32: -- | I32: -- | K32: 18.72 | L32: 18.72 | M32: 18.72 | N32: 18.72 | O32: -- | P32: --
A33: F050AL | B33: FLANGE ABERTA 28MM | D33: =SUM(K33-(K33*Capa!$C$1)) -> 7.99 | E33: =SUM(L33-(L33*Capa!$C$1)) -> 7.99 | F33: =SUM(M33-(M33*Capa!$C$1)) -> 7.99 | G33: =SUM(N33-(N33*Capa!$C$1)) -> 7.99 | H33: =SUM(O33-(O33*Capa!$C$1)) -> 7.99 | I33: =SUM(P33-(P33*Capa!$C$1)) -> 7.99 | K33: 7.99 | L33: 7.99 | M33: 7.99 | N33: 7.99 | O33: 7.99 | P33: 7.99
A34: F051AL | B34: FLANGE ABERTA 19MM | D34: =SUM(K34-(K34*Capa!$C$1)) -> 6.68 | E34: =SUM(L34-(L34*Capa!$C$1)) -> 6.68 | F34: =SUM(M34-(M34*Capa!$C$1)) -> 6.68 | G34: =SUM(N34-(N34*Capa!$C$1)) -> 6.68 | H34: =SUM(O34-(O34*Capa!$C$1)) -> 6.68 | I34: =SUM(P34-(P34*Capa!$C$1)) -> 6.68 | K34: 6.68 | L34: 6.68 | M34: 6.68 | N34: 6.68 | O34: 6.68 | P34: 6.68
A35: F052AL | B35: FLANGE ABERTA 13MM | D35: =SUM(K35-(K35*Capa!$C$1)) -> 6.68 | E35: =SUM(L35-(L35*Capa!$C$1)) -> 6.68 | F35: =SUM(M35-(M35*Capa!$C$1)) -> 6.68 | G35: =SUM(N35-(N35*Capa!$C$1)) -> 6.68 | H35: -- | I35: -- | K35: 6.68 | L35: 6.68 | M35: 6.68 | N35: 6.68 | O35: -- | P35: --
A36: FAN28 | B36: FLANGE ANEL C/ STRASS 28MM | D36: =SUM(K36-(K36*Capa!$C$1)) -> 11.88 | E36: =SUM(L36-(L36*Capa!$C$1)) -> 11.88 | F36: =SUM(M36-(M36*Capa!$C$1)) -> 11.88 | G36: =SUM(N36-(N36*Capa!$C$1)) -> 11.88 | H36: =SUM(O36-(O36*Capa!$C$1)) -> 11.88 | I36: =SUM(P36-(P36*Capa!$C$1)) -> 11.88 | K36: 11.88 | L36: 11.88 | M36: 11.88 | N36: 11.88 | O36: 11.88 | P36: 11.88
A37: FAN19 | B37: FLANGE ANEL C/ STRASS 19MM | D37: =SUM(K37-(K37*Capa!$C$1)) -> 9.33 | E37: =SUM(L37-(L37*Capa!$C$1)) -> 9.33 | F37: =SUM(M37-(M37*Capa!$C$1)) -> 9.33 | G37: =SUM(N37-(N37*Capa!$C$1)) -> 9.33 | H37: =SUM(O37-(O37*Capa!$C$1)) -> 9.33 | I37: =SUM(P37-(P37*Capa!$C$1)) -> 9.33 | K37: 9.33 | L37: 9.33 | M37: 9.33 | N37: 9.33 | O37: 9.33 | P37: 9.33
A38: R203 | B38: ROSETA OVAL MACIÇA COM 2 FUROS | D38: =SUM(K38-(K38*Capa!$C$1)) -> 5.47 | E38: =SUM(L38-(L38*Capa!$C$1)) -> 5.47 | F38: =SUM(M38-(M38*Capa!$C$1)) -> 5.47 | G38: =SUM(N38-(N38*Capa!$C$1)) -> 5.47 | H38: =SUM(O38-(O38*Capa!$C$1)) -> 5.47 | I38: =SUM(P38-(P38*Capa!$C$1)) -> 5.47 | K38: 5.47 | L38: 5.47 | M38: 5.47 | N38: 5.47 | O38: 5.47 | P38: 5.47
A39: SUPORTES ARTICULÁVEL
A40: CÓD. | B40: DESCRIÇÃO | D40: DOURADO | E40: CROMADO | F40: AÇO ESC. | G40: OURO V. | H40: BRANCO | I40: PRETO | K40: DOURADO | L40: CROMADO | M40: AÇO ESC. | N40: OURO VELHO | O40: BRANCO | P40: PRETO
A41: SL125AL | B41: COTOVELO ARTICULÁVEL 28MM | D41: =SUM(K41-(K41*Capa!$C$1)) -> 21.1 | E41: =SUM(L41-(L41*Capa!$C$1)) -> 21.1 | F41: =SUM(M41-(M41*Capa!$C$1)) -> 21.1 | G41: =SUM(N41-(N41*Capa!$C$1)) -> 21.1 | H41: =SUM(O41-(O41*Capa!$C$1)) -> 21.1 | I41: =SUM(P41-(P41*Capa!$C$1)) -> 21.1 | K41: 21.1 | L41: 21.1 | M41: 21.1 | N41: 21.1 | O41: 21.1 | P41: 21.1
A42: SL126AL | B42: COTOVELO ARTICULÁVEL 19MM | D42: =SUM(K42-(K42*Capa!$C$1)) -> 19.62 | E42: =SUM(L42-(L42*Capa!$C$1)) -> 19.62 | F42: =SUM(M42-(M42*Capa!$C$1)) -> 19.62 | G42: =SUM(N42-(N42*Capa!$C$1)) -> 19.62 | H42: =SUM(O42-(O42*Capa!$C$1)) -> 19.62 | I42: =SUM(P42-(P42*Capa!$C$1)) -> 19.62 | K42: 19.62 | L42: 19.62 | M42: 19.62 | N42: 19.62 | O42: 19.62 | P42: 19.62
A43: SL162AL | B43: SUPORTE ARTICULÁVEL 28MM COM ROSETA QUINA | D43: =SUM(K43-(K43*Capa!$C$1)) -> 29.95 | E43: =SUM(L43-(L43*Capa!$C$1)) -> 29.95 | F43: =SUM(M43-(M43*Capa!$C$1)) -> 29.95 | G43: =SUM(N43-(N43*Capa!$C$1)) -> 29.95 | H43: =SUM(O43-(O43*Capa!$C$1)) -> 29.95 | I43: =SUM(P43-(P43*Capa!$C$1)) -> 29.95 | K43: 29.95 | L43: 29.95 | M43: 29.95 | N43: 29.95 | O43: 29.95 | P43: 29.95
A44: SL163AL | B44: SUPORTE ARTICULÁVEL 19MM COM ROSETA QUINA | D44: =SUM(K44-(K44*Capa!$C$1)) -> 27.94 | E44: =SUM(L44-(L44*Capa!$C$1)) -> 27.94 | F44: =SUM(M44-(M44*Capa!$C$1)) -> 27.94 | G44: =SUM(N44-(N44*Capa!$C$1)) -> 27.94 | H44: =SUM(O44-(O44*Capa!$C$1)) -> 27.94 | I44: =SUM(P44-(P44*Capa!$C$1)) -> 27.94 | K44: 27.94 | L44: 27.94 | M44: 27.94 | N44: 27.94 | O44: 27.94 | P44: 27.94
A45: SL164AL | B45: SUPORTE DUPLO COTOVELO ARTICULÁVEL 19/28MM | D45: =SUM(K45-(K45*Capa!$C$1)) -> 41.66 | E45: =SUM(L45-(L45*Capa!$C$1)) -> 41.66 | F45: =SUM(M45-(M45*Capa!$C$1)) -> 41.66 | G45: =SUM(N45-(N45*Capa!$C$1)) -> 41.66 | H45: =SUM(O45-(O45*Capa!$C$1)) -> 41.66 | I45: =SUM(P45-(P45*Capa!$C$1)) -> 41.66 | K45: 41.66 | L45: 41.66 | M45: 41.66 | N45: 41.66 | O45: 41.66 | P45: 41.66
A46: ARGOLAS
A47: CÓD. | B47: DESCRIÇÃO | D47: DOURADO | E47: CROMADO | F47: AÇO ESC. | G47: OURO V. | H47: BRANCO | I47: PRETO | K47: DOURADO | L47: CROMADO | M47: AÇO ESC. | N47: OURO VELHO | O47: BRANCO | P47: PRETO
A48: AP201 | B48: ARGOLA PVC 19MM | D48: =SUM(K48-(K48*Capa!$C$1)) -> 0.89 | E48: =SUM(L48-(L48*Capa!$C$1)) -> 0.68 | F48: =SUM(M48-(M48*Capa!$C$1)) -> 0.68 | G48: =SUM(N48-(N48*Capa!$C$1)) -> 0.68 | H48: =SUM(O48-(O48*Capa!$C$1)) -> 0.29 | I48: =SUM(P48-(P48*Capa!$C$1)) -> 0.29 | K48: 0.89 | L48: 0.68 | M48: 0.68 | N48: 0.68 | O48: 0.29 | P48: 0.29
A49: AP202 | B49: ARGOLA PVC 28MM | D49: =SUM(K49-(K49*Capa!$C$1)) -> 0.98 | E49: =SUM(L49-(L49*Capa!$C$1)) -> 0.76 | F49: =SUM(M49-(M49*Capa!$C$1)) -> 0.76 | G49: =SUM(N49-(N49*Capa!$C$1)) -> 0.76 | H49: =SUM(O49-(O49*Capa!$C$1)) -> 0.39 | I49: =SUM(P49-(P49*Capa!$C$1)) -> 0.39 | K49: 0.98 | L49: 0.76 | M49: 0.76 | N49: 0.76 | O49: 0.39 | P49: 0.39
A50: A101 | B50: ARGOLA METAL 28MM | D50: =SUM(K50-(K50*Capa!$C$1)) -> 2.37 | E50: =SUM(L50-(L50*Capa!$C$1)) -> 2.37 | F50: =SUM(M50-(M50*Capa!$C$1)) -> 2.37 | G50: =SUM(N50-(N50*Capa!$C$1)) -> 2.37 | H50: -- | I50: -- | K50: 2.37 | L50: 2.37 | M50: 2.37 | N50: 2.37 | O50: -- | P50: --
A51: A102 | B51: ARGOLA METAL 19MM | D51: =SUM(K51-(K51*Capa!$C$1)) -> 2 | E51: =SUM(L51-(L51*Capa!$C$1)) -> 2 | F51: =SUM(M51-(M51*Capa!$C$1)) -> 2 | G51: =SUM(N51-(N51*Capa!$C$1)) -> 2 | H51: -- | I51: -- | K51: 2 | L51: 2 | M51: 2 | N51: 2 | O51: -- | P51: --
A52: A103 | B52: ARGOLA METAL 13MM | D52: =SUM(K52-(K52*Capa!$C$1)) -> 1.89 | E52: =SUM(L52-(L52*Capa!$C$1)) -> 1.89 | F52: =SUM(M52-(M52*Capa!$C$1)) -> 1.89 | G52: =SUM(N52-(N52*Capa!$C$1)) -> 1.89 | H52: -- | I52: -- | K52: 1.89 | L52: 1.89 | M52: 1.89 | N52: 1.89 | O52: -- | P52: --
A53: ILHOSES
A54: CÓD. | B54: DESCRIÇÃO | C54: AÇO ESC. KLIN | D54: DOURADO | E54: CROMADO | F54: AÇO ESC. | G54: OURO V. | H54: BRANCO | I54: PRETO | K54: AÇO ESC. KLIN | L54: DOURADO | M54: CROMADO | N54: AÇO ESC. | O54: OURO VELHO | P54: BRANCO | Q54: PRETO
A55: IL20 | B55: ILHÓS REDONDO 28MM | C55: =SUM(K55-(K55*Capa!$C$1)) -> 86.8 | D55: =SUM(L55-(L55*Capa!$C$1)) -> 117 | E55: =SUM(M55-(M55*Capa!$C$1)) -> 86.8 | F55: =SUM(N55-(N55*Capa!$C$1)) -> 32.1 | G55: =SUM(O55-(O55*Capa!$C$1)) -> 32.1 | H55: =SUM(P55-(P55*Capa!$C$1)) -> 32.1 | I55: =SUM(Q55-(Q55*Capa!$C$1)) -> 32.1 | K55: 86.8 | L55: 117 | M55: 86.8 | N55: 32.1 | O55: 32.1 | P55: 32.1 | Q55: 32.1
A56: IL30 | B56: ILHÓS REDONDO 19MM | C56: =SUM(K56-(K56*Capa!$C$1)) -> 79.9 | D56: =SUM(L56-(L56*Capa!$C$1)) -> 79.9 | E56: =SUM(M56-(M56*Capa!$C$1)) -> 79.9 | F56: =SUM(N56-(N56*Capa!$C$1)) -> 26.9 | G56: =SUM(O56-(O56*Capa!$C$1)) -> 26.9 | H56: =SUM(P56-(P56*Capa!$C$1)) -> 26.9 | I56: =SUM(Q56-(Q56*Capa!$C$1)) -> 26.9 | K56: 79.9 | L56: 79.9 | M56: 79.9 | N56: 26.9 | O56: 26.9 | P56: 26.9 | Q56: 26.9
A57: IL50 | B57: ILHÓS QUADRADO 28MM | C57: =SUM(K57-(K57*Capa!$C$1)) -> 86.8 | D57: =SUM(L57-(L57*Capa!$C$1)) -> 117 | E57: =SUM(M57-(M57*Capa!$C$1)) -> 86.8 | F57: =SUM(N57-(N57*Capa!$C$1)) -> 32.1 | G57: =SUM(O57-(O57*Capa!$C$1)) -> 32.1 | H57: =SUM(P57-(P57*Capa!$C$1)) -> 32.1 | I57: =SUM(Q57-(Q57*Capa!$C$1)) -> 32.1 | K57: 86.8 | L57: 117 | M57: 86.8 | N57: 32.1 | O57: 32.1 | P57: 32.1 | Q57: 32.1
A58: IL60 | B58: ILHÓS QUADRADO 19MM | C58: =SUM(K58-(K58*Capa!$C$1)) -> 79.9 | D58: =SUM(L58-(L58*Capa!$C$1)) -> 79.9 | E58: =SUM(M58-(M58*Capa!$C$1)) -> 79.9 | F58: =SUM(N58-(N58*Capa!$C$1)) -> 26.9 | G58: =SUM(O58-(O58*Capa!$C$1)) -> 26.9 | H58: =SUM(P58-(P58*Capa!$C$1)) -> 26.9 | I58: =SUM(Q58-(Q58*Capa!$C$1)) -> 26.9 | K58: 79.9 | L58: 79.9 | M58: 79.9 | N58: 26.9 | O58: 26.9 | P58: 26.9 | Q58: 26.9
A59: EMENDAS
A60: CÓD. | B60: ARTIGO | H60: VALOR
A61: EP001 | B61: EMENDA PARA VARÃO 19MM | H61: =SUM(K61-(K61*Capa!$C$1)) -> 1.2 | K61: 1.2
A62: EP002 | B62: EMENDA PARA VARÃO 28MM | H62: =SUM(K62-(K62*Capa!$C$1)) -> 1.6 | K62: 1.6

Sheet Abraçadeira-Ponteira
A1: PRESILHAS
A2: CÓD. | B2: DESCRIÇÃO | C2: DOURADO | D2: CROMADO | E2: AÇO ESC. | F2: OURO VELHO | G2: BRANCO | H2: PRETO | J2: DOURADO | K2: CROMADO | L2: AÇO ESC. | M2: OURO VELHO | N2: BRANCO | O2: PRETO
A3: PP028 | B3: PRESILHA P/ CHALE OVAL | C3: =SUM(J3-(J3*Capa!$C$1)) -> 14.22 | D3: =SUM(K3-(K3*Capa!$C$1)) -> 9.25 | E3: =SUM(L3-(L3*Capa!$C$1)) -> 6.1 | F3: =SUM(M3-(M3*Capa!$C$1)) -> 6.1 | G3: =SUM(N3-(N3*Capa!$C$1)) -> 6.1 | H3: =SUM(O3-(O3*Capa!$C$1)) -> 6.1 | J3: 14.22 | K3: 9.25 | L3: 6.1 | M3: 6.1 | N3: 6.1 | O3: 6.1
A4: PPL229 | B4: PRESILHA P/ CHALE LOSANGO | C4: =SUM(J4-(J4*Capa!$C$1)) -> 14.22 | D4: =SUM(K4-(K4*Capa!$C$1)) -> 9.25 | E4: =SUM(L4-(L4*Capa!$C$1)) -> 6.1 | F4: =SUM(M4-(M4*Capa!$C$1)) -> 6.1 | G4: =SUM(N4-(N4*Capa!$C$1)) -> 6.1 | H4: =SUM(O4-(O4*Capa!$C$1)) -> 6.1 | J4: 14.22 | K4: 9.25 | L4: 6.1 | M4: 6.1 | N4: 6.1 | O4: 6.1
A5: ABRAÇADEIRAS
A6: CÓD. | B6: DESCRIÇÃO | C6: DOURADO | D6: CROMADO | E6: AÇO ESC. | F6: OURO VELHO | G6: BRANCO | H6: PRETO | J6: DOURADO | K6: CROMADO | L6: AÇO ESC. | M6: OURO VELHO | N6: BRANCO | O6: PRETO
A7: PAF010 | B7: PONTEIRA ABRAÇADEIRA CALABRIA 28MM COM 1,50M | C7: =SUM(J7-(J7*Capa!$C$1)) -> 138.9 | D7: =SUM(K7-(K7*Capa!$C$1)) -> 138.9 | E7: =SUM(L7-(L7*Capa!$C$1)) -> 138.9 | F7: =SUM(M7-(M7*Capa!$C$1)) -> 138.9 | G7: -- | H7: -- | J7: 138.9 | K7: 138.9 | L7: 138.9 | M7: 138.9 | N7: -- | O7: --
A8: BF004 | B8: ABRAÇADEIRA GLOBO 22 CM | C8: =SUM(J8-(J8*Capa!$C$1)) -> 34.3 | D8: =SUM(K8-(K8*Capa!$C$1)) -> 34.3 | E8: =SUM(L8-(L8*Capa!$C$1)) -> 34.3 | F8: =SUM(M8-(M8*Capa!$C$1)) -> 34.3 | G8: -- | H8: -- | J8: 34.3 | K8: 34.3 | L8: 34.3 | M8: 34.3 | N8: -- | O8: --
A9: BF009 | B9: ABRAÇADEIRA CHAMA 22 CM | C9: =SUM(J9-(J9*Capa!$C$1)) -> 34.3 | D9: =SUM(K9-(K9*Capa!$C$1)) -> 34.3 | E9: =SUM(L9-(L9*Capa!$C$1)) -> 34.3 | F9: =SUM(M9-(M9*Capa!$C$1)) -> 34.3 | G9: -- | H9: -- | J9: 34.3 | K9: 34.3 | L9: 34.3 | M9: 34.3 | N9: -- | O9: --
A10: BF010 | B10: ABRAÇADEIRA FLOR DE LIZ 22 CM | C10: =SUM(J10-(J10*Capa!$C$1)) -> 34.3 | D10: =SUM(K10-(K10*Capa!$C$1)) -> 34.3 | E10: =SUM(L10-(L10*Capa!$C$1)) -> 34.3 | F10: =SUM(M10-(M10*Capa!$C$1)) -> 34.3 | G10: -- | H10: -- | J10: 34.3 | K10: 34.3 | L10: 34.3 | M10: 34.3 | N10: -- | O10: --
A11: B144 | B11: ABRAÇADEIRA SAX 3 MÉDIA 25CM (SOB CONSULTA) | C11: =SUM(J11-(J11*Capa!$C$1)) -> 32.65 | D11: =SUM(K11-(K11*Capa!$C$1)) -> 32.65 | E11: =SUM(L11-(L11*Capa!$C$1)) -> 32.65 | F11: =SUM(M11-(M11*Capa!$C$1)) -> 32.65 | G11: -- | H11: -- | J11: 32.65 | K11: 32.65 | L11: 32.65 | M11: 32.65 | N11: -- | O11: --
A12: AP127 | B12: ABRAÇADEIRA ITÁLIA 16CM (SOB CONSULTA) | C12: =SUM(J12-(J12*Capa!$C$1)) -> 27.62 | D12: =SUM(K12-(K12*Capa!$C$1)) -> 27.62 | E12: =SUM(L12-(L12*Capa!$C$1)) -> 27.62 | F12: =SUM(M12-(M12*Capa!$C$1)) -> 27.62 | G12: -- | H12: -- | J12: 27.62 | K12: 27.62 | L12: 27.62 | M12: 27.62 | N12: -- | O12: --
A13: SB155 | B13: ABRAÇADEIRA ROSETA LISA 5CM | C13: =SUM(J13-(J13*Capa!$C$1)) -> 4.92 | D13: =SUM(K13-(K13*Capa!$C$1)) -> 4.92 | E13: =SUM(L13-(L13*Capa!$C$1)) -> 4.92 | F13: =SUM(M13-(M13*Capa!$C$1)) -> 4.92 | G13: -- | H13: -- | J13: 4.92 | K13: 4.92 | L13: 4.92 | M13: 4.92 | N13: -- | O13: --
A14: B150AL | B14: ABRAÇADEIRA ROSINHA 5CM | C14: =SUM(J14-(J14*Capa!$C$1)) -> 4.92 | D14: =SUM(K14-(K14*Capa!$C$1)) -> 4.92 | E14: =SUM(L14-(L14*Capa!$C$1)) -> 4.92 | F14: =SUM(M14-(M14*Capa!$C$1)) -> 4.92 | G14: -- | H14: -- | J14: 4.92 | K14: 4.92 | L14: 4.92 | M14: 4.92 | N14: -- | O14: --
A15: B148 | B15: ABRAÇADEIRA FLOR DE LIZ 10CM | C15: =SUM(J15-(J15*Capa!$C$1)) -> 9.81 | D15: =SUM(K15-(K15*Capa!$C$1)) -> 9.81 | E15: =SUM(L15-(L15*Capa!$C$1)) -> 9.81 | F15: =SUM(M15-(M15*Capa!$C$1)) -> 9.81 | G15: -- | H15: -- | J15: 9.81 | K15: 9.81 | L15: 9.81 | M15: 9.81 | N15: -- | O15: --
A16: AP128AL | B16: ABRAÇADEIRA QUADRADO 12CM (SOB CONSULTA) | C16: =SUM(J16-(J16*Capa!$C$1)) -> 25.52 | D16: =SUM(K16-(K16*Capa!$C$1)) -> 25.52 | E16: =SUM(L16-(L16*Capa!$C$1)) -> 25.52 | F16: =SUM(M16-(M16*Capa!$C$1)) -> 25.52 | G16: -- | H16: -- | J16: 25.52 | K16: 25.52 | L16: 25.52 | M16: 25.52 | N16: -- | O16: --
A17: AP136AL | B17: ABRAÇADEIRA QUADRADO 6CM (SOB CONSULTA) | C17: =SUM(J17-(J17*Capa!$C$1)) -> 24.99 | D17: =SUM(K17-(K17*Capa!$C$1)) -> 24.99 | E17: =SUM(L17-(L17*Capa!$C$1)) -> 24.99 | F17: =SUM(M17-(M17*Capa!$C$1)) -> 24.99 | G17: -- | H17: -- | J17: 24.99 | K17: 24.99 | L17: 24.99 | M17: 24.99 | N17: -- | O17: --
A18: BF007 | B18: ABRAÇADEIRA FORMATEX 22 CM. (SOB CONSULTA) | C18: =SUM(J18-(J18*Capa!$C$1)) -> 21.63 | D18: =SUM(K18-(K18*Capa!$C$1)) -> 21.63 | E18: =SUM(L18-(L18*Capa!$C$1)) -> 21.63 | F18: =SUM(M18-(M18*Capa!$C$1)) -> 21.63 | G18: -- | H18: -- | J18: 21.63 | K18: 21.63 | L18: 21.63 | M18: 21.63 | N18: -- | O18: --
... A25: BA009 | B25: ABRAÇADEIRA CUBO ACRÍLICO CRISTAL (SOB CONSULTA) | C25: =SUM(J25-(J25*Capa!$C$1)) -> 31.34 | D25: =SUM(K25-(K25*Capa!$C$1)) -> 31.34 | E25: =SUM(L25-(L25*Capa!$C$1)) -> 31.34 | F25: =SUM(M25-(M25*Capa!$C$1)) -> 31.34 | G25: -- | H25: -- | J25: 31.34 | K25: 31.34 | L25: 31.34 | M25: 31.34 | N25: -- | O25: --
A26: PONTEIRAS
A27: CÓD. | B27: DESCRIÇÃO | C27: DOURADO | D27: CROMADO | E27: AÇO ESC. | F27: OURO VELHO | G27: BRANCO | H27: PRETO | J27: DOURADO | K27: CROMADO | L27: AÇO ESC. | M27: OURO VELHO | N27: BRANCO | O27: PRETO
A28: P020AL | B28: PONTEIRA OCA 28MM | C28: =SUM(J28-(J28*Capa!$C$1)) -> 4.1 | D28: =SUM(K28-(K28*Capa!$C$1)) -> 4.1 | E28: =SUM(L28-(L28*Capa!$C$1)) -> 4.1 | F28: =SUM(M28-(M28*Capa!$C$1)) -> 5.28 | G28: =SUM(N28-(N28*Capa!$C$1)) -> 4.1 | H28: =SUM(O28-(O28*Capa!$C$1)) -> 4.1 | J28: 4.1 | K28: 4.1 | L28: 4.1 | M28: 5.28 | N28: 4.1 | O28: 4.1
A29: P021AL | B29: PONTEIRA OCA 19MM | C29: =SUM(J29-(J29*Capa!$C$1)) -> 3.99 | D29: =SUM(K29-(K29*Capa!$C$1)) -> 3.99 | E29: =SUM(L29-(L29*Capa!$C$1)) -> 3.99 | F29: =SUM(M29-(M29*Capa!$C$1)) -> 4.74 | G29: =SUM(N29-(N29*Capa!$C$1)) -> 3.99 | H29: =SUM(O29-(O29*Capa!$C$1)) -> 3.99 | J29: 3.99 | K29: 3.99 | L29: 3.99 | M29: 4.74 | N29: 3.99 | O29: 3.99
A30: P028AL | B30: PONTEIRA OCA 13MM | C30: =SUM(J30-(J30*Capa!$C$1)) -> 4.35 | D30: =SUM(K30-(K30*Capa!$C$1)) -> 4.35 | E30: =SUM(L30-(L30*Capa!$C$1)) -> 4.35 | F30: =SUM(M30-(M30*Capa!$C$1)) -> 4.74 | G30: -- | H30: -- | J30: 4.35 | K30: 4.35 | L30: 4.35 | M30: 4.74 | N30: -- | O30: --
A31: P055M | B31: PONTEIRA TAMPÃO 28MM | C31: =SUM(J31-(J31*Capa!$C$1)) -> 6.1 | D31: =SUM(K31-(K31*Capa!$C$1)) -> 6.1 | E31: =SUM(L31-(L31*Capa!$C$1)) -> 6.1 | F31: =SUM(M31-(M31*Capa!$C$1)) -> 6.1 | G31: =SUM(N31-(N31*Capa!$C$1)) -> 6.1 | H31: =SUM(O31-(O31*Capa!$C$1)) -> 6.1 | J31: 6.1 | K31: 6.1 | L31: 6.1 | M31: 6.1 | N31: 6.1 | O31: 6.1
A32: P056M | B32: PONTEIRA TAMPÃO 19MM | C32: =SUM(J32-(J32*Capa!$C$1)) -> 4.89 | D32: =SUM(K32-(K32*Capa!$C$1)) -> 4.89 | E32: =SUM(L32-(L32*Capa!$C$1)) -> 4.89 | F32: =SUM(M32-(M32*Capa!$C$1)) -> 4.89 | G32: =SUM(N32-(N32*Capa!$C$1)) -> 4.89 | H32: =SUM(O32-(O32*Capa!$C$1)) -> 4.89 | J32: 4.89 | K32: 4.89 | L32: 4.89 | M32: 4.89 | N32: 4.89 | O32: 4.89
A33: PSA | B33: PONTEIRA EURO 28MM | C33: =SUM(J33-(J33*Capa!$C$1)) -> 23.31 | D33: =SUM(K33-(K33*Capa!$C$1)) -> 23.31 | E33: =SUM(L33-(L33*Capa!$C$1)) -> 23.31 | F33: =SUM(M33-(M33*Capa!$C$1)) -> 23.31 | G33: =SUM(N33-(N33*Capa!$C$1)) -> 23.31 | H33: =SUM(O33-(O33*Capa!$C$1)) -> 23.31 | J33: 23.31 | K33: 23.31 | L33: 23.31 | M33: 23.31 | N33: 23.31 | O33: 23.31
A34: P082Q | B34: PONTEIRA QUADRADA CUBO 28MM | C34: =SUM(J34-(J34*Capa!$C$1)) -> 19.9 | D34: =SUM(K34-(K34*Capa!$C$1)) -> 19.9 | E34: =SUM(L34-(L34*Capa!$C$1)) -> 19.9 | F34: =SUM(M34-(M34*Capa!$C$1)) -> 19.9 | G34: -- | H34: -- | J34: 19.9 | K34: 19.9 | L34: 19.9 | M34: 19.9 | N34: -- | O34: --
A35: P083Q | B35: PONTEIRA QUADRADA CUBO 19MM | C35: =SUM(J35-(J35*Capa!$C$1)) -> 15.98 | D35: =SUM(K35-(K35*Capa!$C$1)) -> 15.98 | E35: =SUM(L35-(L35*Capa!$C$1)) -> 15.98 | F35: =SUM(M35-(M35*Capa!$C$1)) -> 15.98 | G35: -- | H35: -- | J35: 15.98 | K35: 15.98 | L35: 15.98 | M35: 15.98 | N35: -- | O35: --
A36: PF010 | B36: PONTEIRA GLOBO 28MM | C36: =SUM(J36-(J36*Capa!$C$1)) -> 21.9 | D36: =SUM(K36-(K36*Capa!$C$1)) -> 21.9 | E36: =SUM(L36-(L36*Capa!$C$1)) -> 21.9 | F36: =SUM(M36-(M36*Capa!$C$1)) -> 21.9 | G36: -- | H36: -- | J36: 21.9 | K36: 21.9 | L36: 21.9 | M36: 21.9 | N36: -- | O36: --
A37: PF011 | B37: PONTEIRA GLOBO 19MM | C37: =SUM(J37-(J37*Capa!$C$1)) -> 18.3 | D37: =SUM(K37-(K37*Capa!$C$1)) -> 18.3 | E37: =SUM(L37-(L37*Capa!$C$1)) -> 18.3 | F37: =SUM(M37-(M37*Capa!$C$1)) -> 18.3 | G37: -- | H37: -- | J37: 18.3 | K37: 18.3 | L37: 18.3 | M37: 18.3 | N37: -- | O37: --
A38: PF014 | B38: PONTEIRA CHAMA 28MM | C38: =SUM(J38-(J38*Capa!$C$1)) -> 21.9 | D38: =SUM(K38-(K38*Capa!$C$1)) -> 21.9 | E38: =SUM(L38-(L38*Capa!$C$1)) -> 21.9 | F38: =SUM(M38-(M38*Capa!$C$1)) -> 21.9 | G38: -- | H38: -- | J38: 21.9 | K38: 21.9 | L38: 21.9 | M38: 21.9 | N38: -- | O38: --
A39: PF015 | B39: PONTEIRA CHAMA 19MM | C39: =SUM(J39-(J39*Capa!$C$1)) -> 18.3 | D39: =SUM(K39-(K39*Capa!$C$1)) -> 18.3 | E39: =SUM(L39-(L39*Capa!$C$1)) -> 18.3 | F39: =SUM(M39-(M39*Capa!$C$1)) -> 18.3 | G39: -- | H39: -- | J39: 18.3 | K39: 18.3 | L39: 18.3 | M39: 18.3 | N39: -- | O39: --
A40: PF016 | B40: PONTEIRA FLOR DE LIZ 28MM | C40: =SUM(J40-(J40*Capa!$C$1)) -> 21.9 | D40: =SUM(K40-(K40*Capa!$C$1)) -> 21.9 | E40: =SUM(L40-(L40*Capa!$C$1)) -> 21.9 | F40: =SUM(M40-(M40*Capa!$C$1)) -> 21.9 | G40: -- | H40: -- | J40: 21.9 | K40: 21.9 | L40: 21.9 | M40: 21.9 | N40: -- | O40: --
A41: PF017 | B41: PONTEIRA FLOR DE LIZ 19MM | C41: =SUM(J41-(J41*Capa!$C$1)) -> 18.3 | D41: =SUM(K41-(K41*Capa!$C$1)) -> 18.3 | E41: =SUM(L41-(L41*Capa!$C$1)) -> 18.3 | F41: =SUM(M41-(M41*Capa!$C$1)) -> 18.3 | G41: -- | H41: -- | J41: 18.3 | K41: 18.3 | L41: 18.3 | M41: 18.3 | N41: -- | O41: --
A42: P088 | B42: PONTEIRA VIDRO BOLA CRISTAL 28MM | C42: =SUM(J42-(J42*Capa!$C$1)) -> 43.45 | D42: =SUM(K42-(K42*Capa!$C$1)) -> 43.45 | E42: =SUM(L42-(L42*Capa!$C$1)) -> 43.45 | F42: =SUM(M42-(M42*Capa!$C$1)) -> 43.45 | G42: -- | H42: -- | J42: 43.45 | K42: 43.45 | L42: 43.45 | M42: 43.45 | N42: -- | O42: --
A43: P090 | B43: PONTEIRA VIDRO BOLA FOSCA 28MM | C43: =SUM(J43-(J43*Capa!$C$1)) -> 43.45 | D43: =SUM(K43-(K43*Capa!$C$1)) -> 43.45 | E43: =SUM(L43-(L43*Capa!$C$1)) -> 43.45 | F43: =SUM(M43-(M43*Capa!$C$1)) -> 43.45 | G43: -- | H43: -- | J43: 43.45 | K43: 43.45 | L43: 43.45 | M43: 43.45 | N43: -- | O43: --
A44: P084 | B44: PONTEIRA VIDRO CUBO CRISTAL 28MM | C44: =SUM(J44-(J44*Capa!$C$1)) -> 43.45 | D44: =SUM(K44-(K44*Capa!$C$1)) -> 43.45 | E44: =SUM(L44-(L44*Capa!$C$1)) -> 43.45 | F44: =SUM(M44-(M44*Capa!$C$1)) -> 43.45 | G44: -- | H44: -- | J44: 43.45 | K44: 43.45 | L44: 43.45 | M44: 43.45 | N44: -- | O44: --
A45: P086 | B45: PONTEIRA VIDRO CUBO FOSCA 28MM | C45: =SUM(J45-(J45*Capa!$C$1)) -> 43.45 | D45: =SUM(K45-(K45*Capa!$C$1)) -> 43.45 | E45: =SUM(L45-(L45*Capa!$C$1)) -> 43.45 | F45: =SUM(M45-(M45*Capa!$C$1)) -> 43.45 | G45: -- | H45: -- | J45: 43.45 | K45: 43.45 | L45: 43.45 | M45: 43.45 | N45: -- | O45: --
... A47: PA002 | B47: PONTEIRA CUBO ACRILICO CRISTAL 28MM | C47: =SUM(J47-(J47*Capa!$C$1)) -> 18.53 | D47: =SUM(K47-(K47*Capa!$C$1)) -> 18.53 | E47: =SUM(L47-(L47*Capa!$C$1)) -> 18.53 | F47: =SUM(M47-(M47*Capa!$C$1)) -> 18.53 | G47: -- | H47: -- | J47: 18.53 | K47: 18.53 | L47: 18.53 | M47: 18.53 | N47: -- | O47: --
A48: MLA | B48: PONTEIRA PETRA C/ STRASS | C48: =SUM(J48-(J48*Capa!$C$1)) -> 32.55 | D48: =SUM(K48-(K48*Capa!$C$1)) -> 32.55 | E48: =SUM(L48-(L48*Capa!$C$1)) -> 32.55 | F48: =SUM(M48-(M48*Capa!$C$1)) -> 32.55 | G48: =SUM(N48-(N48*Capa!$C$1)) -> 32.55 | H48: -- | J48: 32.55 | K48: 32.55 | L48: 32.55 | M48: 32.55 | N48: 32.55 | O48: --
A49: PJU | B49: PONTEIRA GRÉCIA C/ STRASS | C49: =SUM(J49-(J49*Capa!$C$1)) -> 32.55 | D49: =SUM(K49-(K49*Capa!$C$1)) -> 32.55 | E49: =SUM(L49-(L49*Capa!$C$1)) -> 32.55 | F49: =SUM(M49-(M49*Capa!$C$1)) -> 32.55 | G49: =SUM(N49-(N49*Capa!$C$1)) -> 32.55 | H49: -- | J49: 32.55 | K49: 32.55 | L49: 32.55 | M49: 32.55 | N49: 32.55 | O49: --
A50: DE | B50: PONTEIRA CRETA C/ STRASS | C50: =SUM(J50-(J50*Capa!$C$1)) -> 18.76 | D50: =SUM(K50-(K50*Capa!$C$1)) -> 18.76 | E50: =SUM(L50-(L50*Capa!$C$1)) -> 18.76 | F50: =SUM(M50-(M50*Capa!$C$1)) -> 18.76 | G50: =SUM(N50-(N50*Capa!$C$1)) -> 18.76 | H50: -- | J50: 18.76 | K50: 18.76 | L50: 18.76 | M50: 18.76 | N50: 18.76 | O50: --
A51: PCI | B51: PONTEIRA TAJ CRISTAL | C51: =SUM(J51-(J51*Capa!$C$1)) -> 122.09 | D51: =SUM(K51-(K51*Capa!$C$1)) -> 122.09 | E51: =SUM(L51-(L51*Capa!$C$1)) -> 122.09 | F51: =SUM(M51-(M51*Capa!$C$1)) -> 122.09 | G51: =SUM(N51-(N51*Capa!$C$1)) -> 122.09 | H51: -- | J51: 122.09 | K51: 122.09 | L51: 122.09 | M51: 122.09 | N51: 122.09 | O51: --
A52: PBI | B52: PONTEIRA REAL CRISTAL | C52: =SUM(J52-(J52*Capa!$C$1)) -> 108.4 | D52: =SUM(K52-(K52*Capa!$C$1)) -> 108.4 | E52: =SUM(L52-(L52*Capa!$C$1)) -> 108.4 | F52: =SUM(M52-(M52*Capa!$C$1)) -> 108.4 | G52: =SUM(N52-(N52*Capa!$C$1)) -> 108.4 | H52: -- | J52: 108.4 | K52: 108.4 | L52: 108.4 | M52: 108.4 | N52: 108.4 | O52: --
A53: PRY | B53: PONTEIRA RAMY 30CM 28MM | C53: =SUM(J53-(J53*Capa!$C$1)) -> 51.36 | D53: =SUM(K53-(K53*Capa!$C$1)) -> 51.36 | E53: =SUM(L53-(L53*Capa!$C$1)) -> 51.36 | F53: =SUM(M53-(M53*Capa!$C$1)) -> 51.36 | G53: -- | H53: -- | J53: 51.36 | K53: 51.36 | L53: 51.36 | M53: 51.36 | N53: -- | O53: --
A54: P051M | B54: PONTEIRA FORMATEX 28MM (SOB CONSULTA) | C54: =SUM(J54-(J54*Capa!$C$1)) -> 13.46 | D54: =SUM(K54-(K54*Capa!$C$1)) -> 13.46 | E54: =SUM(L54-(L54*Capa!$C$1)) -> 13.46 | F54: =SUM(M54-(M54*Capa!$C$1)) -> 13.46 | G54: -- | H54: -- | J54: 13.46 | K54: 13.46 | L54: 13.46 | M54: 13.46 | N54: -- | O54: --
A55: P052M | B55: PONTEIRA FORMATEX 19MM (SOB CONSULTA) | C55: =SUM(J55-(J55*Capa!$C$1)) -> 12.74 | D55: =SUM(K55-(K55*Capa!$C$1)) -> 12.74 | E55: =SUM(L55-(L55*Capa!$C$1)) -> 12.74 | F55: =SUM(M55-(M55*Capa!$C$1)) -> 12.74 | G55: -- | H55: -- | J55: 12.74 | K55: 12.74 | L55: 12.74 | M55: 12.74 | N55: -- | O55: --
A56: P064M | B56: PONTEIRA QUADRADA CHATA 28MM (SOB CONSULTA) | C56: =SUM(J56-(J56*Capa!$C$1)) -> 19.82 | D56: =SUM(K56-(K56*Capa!$C$1)) -> 19.82 | E56: =SUM(L56-(L56*Capa!$C$1)) -> 19.82 | F56: =SUM(M56-(M56*Capa!$C$1)) -> 19.82 | G56: -- | H56: -- | J56: 19.82 | K56: 19.82 | L56: 19.82 | M56: 19.82 | N56: -- | O56: --
A57: P102 | B57: PONTEIRA CHINESA 28MM (SOB CONSULTA) | C57: =SUM(J57-(J57*Capa!$C$1)) -> 6.56 | D57: =SUM(K57-(K57*Capa!$C$1)) -> 6.56 | E57: =SUM(L57-(L57*Capa!$C$1)) -> 6.56 | F57: =SUM(M57-(M57*Capa!$C$1)) -> 6.56 | G57: -- | H57: -- | J57: 6.56 | K57: 6.56 | L57: 6.56 | M57: 6.56 | N57: -- | O57: --
A58: P103 | B58: PONTEIRA CHINESA 19MM (SOB CONSULTA) | C58: =SUM(J58-(J58*Capa!$C$1)) -> 6.34 | D58: =SUM(K58-(K58*Capa!$C$1)) -> 6.34 | E58: =SUM(L58-(L58*Capa!$C$1)) -> 6.34 | F58: =SUM(M58-(M58*Capa!$C$1)) -> 6.34 | G58: -- | H58: -- | J58: 6.34 | K58: 6.34 | L58: 6.34 | M58: 6.34 | N58: -- | O58: --
A59: P096 | B59: PONTEIRA PIRÂMIDE PRETO 28MM (SOB CONSULTA) | C59: =SUM(J59-(J59*Capa!$C$1)) -> 22.37 | D59: =SUM(K59-(K59*Capa!$C$1)) -> 22.37 | E59: =SUM(L59-(L59*Capa!$C$1)) -> 22.37 | F59: =SUM(M59-(M59*Capa!$C$1)) -> 22.37 | G59: -- | H59: -- | J59: 22.37 | K59: 22.37 | L59: 22.37 | M59: 22.37 | N59: -- | O59: --

Sheet Cor Madeira
A1: VARÃO
A2: *VARÕES: VALOR COBRADO POR METRO (CORTES SOMENTE ATÉ 4,00MTS)
A3: CÓD. | B3: DESCRIÇÃO | C3: PALHA | D3: IMBUIA | E3: CEREJEIRA | F3: MOGNO | G3: MARFIM | H3: BRANCO | J3: PALHA | K3: IMBUIA | L3: CEREJEIRA | M3: MOGNO | N3: MARFIM | O3: BRANCO
A4: MT39 | B4: VARÃO EM ALUMÍNIO COM PINTURA EPÓXI 19MM | C4: =SUM(J4-(J4*Capa!$C$1)) -> 7.15 | D4: =SUM(K4-(K4*Capa!$C$1)) -> 7.15 | E4: =SUM(L4-(L4*Capa!$C$1)) -> 7.15 | F4: =SUM(M4-(M4*Capa!$C$1)) -> 7.15 | G4: =SUM(N4-(N4*Capa!$C$1)) -> 7.15 | H4: =SUM(O4-(O4*Capa!$C$1)) -> 7.15 | J4: 7.15 | K4: 7.15 | L4: 7.15 | M4: 7.15 | N4: 7.15 | O4: 7.15
A5: MT40 | B5: VARÃO EM ALUMÍNIO COM PINTURA EPÓXI 28MM | C5: =SUM(J5-(J5*Capa!$C$1)) -> 10.38 | D5: =SUM(K5-(K5*Capa!$C$1)) -> 10.38 | E5: =SUM(L5-(L5*Capa!$C$1)) -> 10.38 | F5: =SUM(M5-(M5*Capa!$C$1)) -> 10.38 | G5: =SUM(N5-(N5*Capa!$C$1)) -> 10.38 | H5: =SUM(O5-(O5*Capa!$C$1)) -> 10.38 | J5: 10.38 | K5: 10.38 | L5: 10.38 | M5: 10.38 | N5: 10.38 | O5: 10.38
A6: MRC19 | B6: VARÃO 19MM REVESTIDO EM MADEIRA POLYWOOD | C6: -- | D6: =SUM(K6-(K6*Capa!$C$1)) -> 10.42 | E6: =SUM(L6-(L6*Capa!$C$1)) -> 10.42 | F6: =SUM(M6-(M6*Capa!$C$1)) -> 10.42 | G6: =SUM(N6-(N6*Capa!$C$1)) -> 10.42 | H6: =SUM(O6-(O6*Capa!$C$1)) -> 10.42 | J6: -- | K6: 10.42 | L6: 10.42 | M6: 10.42 | N6: 10.42 | O6: 10.42
A7: MRC32 | B7: VARÃO 32MM REVESTIDO EM MADEIRA POLYWOOD | C7: -- | D7: =SUM(K7-(K7*Capa!$C$1)) -> 14.74 | E7: =SUM(L7-(L7*Capa!$C$1)) -> 14.74 | F7: =SUM(M7-(M7*Capa!$C$1)) -> 14.74 | G7: =SUM(N7-(N7*Capa!$C$1)) -> 14.74 | H7: =SUM(O7-(O7*Capa!$C$1)) -> 14.74 | J7: -- | K7: 14.74 | L7: 14.74 | M7: 14.74 | N7: 14.74 | O7: 14.74
A8: *VARÕES: VALOR COBRADO POR METRO (CORTES SOMENTE ATÉ 4,00MTS)
A9: ADICIONAL DE EMBALAGEM (TUBO DE PAPELÃO REFORÇADO)
A10: DESCRIÇÃO | G10: VALOR POR METRO | J10: VALOR POR METRO
A11: TUBO DE PAPELÃO PEQUENO - EMBALAGEM PARA ATÉ 10 TRILHOS SIMPLES OU 3 VARÕES | G11: ='Cor Metal'!H9 -> 6.25
A12: TUBO DE PAPELÃO GRANDE - EMBALAGEM PARA ATÉ 30 TRILHOS SIMPLES OU 8 VARÕES | G12: ='Cor Metal'!H10 -> 9.54
A13: SUPORTES EM MADEIRA
A14: CÓD. | B14: DESCRIÇÃO | C14: PALHA | D14: IMBUIA | E14: CEREJEIRA | F14: MOGNO | G14: MARFIM | H14: BRANCO | J14: PALHA | K14: IMBUIA | L14: CEREJEIRA | M14: MOGNO | N14: MARFIM | O14: BRANCO
A15: MT12 | B15: SUPORTE SIMPLES 19MM | C15: -- | D15: =SUM(K15-(K15*Capa!$C$1)) -> 16.21 | E15: =SUM(L15-(L15*Capa!$C$1)) -> 16.21 | F15: =SUM(M15-(M15*Capa!$C$1)) -> 16.21 | G15: =SUM(N15-(N15*Capa!$C$1)) -> 20.83 | H15: =SUM(O15-(O15*Capa!$C$1)) -> 27.1 | J15: -- | K15: 16.21 | L15: 16.21 | M15: 16.21 | N15: 20.83 | O15: 27.1
A16: MT13 | B16: SUPORTE SIMPLES 32MM | C16: -- | D16: =SUM(K16-(K16*Capa!$C$1)) -> 22.86 | E16: =SUM(L16-(L16*Capa!$C$1)) -> 22.86 | F16: =SUM(M16-(M16*Capa!$C$1)) -> 22.86 | G16: =SUM(N16-(N16*Capa!$C$1)) -> 33.03 | H16: =SUM(O16-(O16*Capa!$C$1)) -> 40.41 | J16: -- | K16: 22.86 | L16: 22.86 | M16: 22.86 | N16: 33.03 | O16: 40.41
A17: MT15 | B17: SUPORTE DUPLO 19/19MM | C17: -- | D17: =SUM(K17-(K17*Capa!$C$1)) -> 22.74 | E17: =SUM(L17-(L17*Capa!$C$1)) -> 22.74 | F17: =SUM(M17-(M17*Capa!$C$1)) -> 22.74 | G17: =SUM(N17-(N17*Capa!$C$1)) -> 31.33 | H17: =SUM(O17-(O17*Capa!$C$1)) -> 36.78 | J17: -- | K17: 22.74 | L17: 22.74 | M17: 22.74 | N17: 31.33 | O17: 36.78
A18: MT16 | B18: SUPORTE DUPLO 32/32MM | C18: -- | D18: =SUM(K18-(K18*Capa!$C$1)) -> 33.63 | E18: =SUM(L18-(L18*Capa!$C$1)) -> 33.63 | F18: =SUM(M18-(M18*Capa!$C$1)) -> 33.63 | G18: =SUM(N18-(N18*Capa!$C$1)) -> 41.38 | H18: =SUM(O18-(O18*Capa!$C$1)) -> 45.8 | J18: -- | K18: 33.63 | L18: 33.63 | M18: 33.63 | N18: 41.38 | O18: 45.8
A19: MT17 | B19: SUPORTE DUPLO 19/32MM | C19: -- | D19: =SUM(K19-(K19*Capa!$C$1)) -> 33.63 | E19: =SUM(L19-(L19*Capa!$C$1)) -> 33.63 | F19: =SUM(M19-(M19*Capa!$C$1)) -> 33.63 | G19: =SUM(N19-(N19*Capa!$C$1)) -> 41.38 | H19: =SUM(O19-(O19*Capa!$C$1)) -> 45.8 | J19: -- | K19: 33.63 | L19: 33.63 | M19: 33.63 | N19: 41.38 | O19: 45.8
A20: MT19 | B20: SUPORTE TRIPLO 19/19/32MM | C20: -- | D20: =SUM(K20-(K20*Capa!$C$1)) -> 45.84 | E20: =SUM(L20-(L20*Capa!$C$1)) -> 45.84 | F20: =SUM(M20-(M20*Capa!$C$1)) -> 45.84 | G20: =SUM(N20-(N20*Capa!$C$1)) -> 48.59 | H20: =SUM(O20-(O20*Capa!$C$1)) -> 52.27 | J20: -- | K20: 45.84 | L20: 45.84 | M20: 45.84 | N20: 48.59 | O20: 52.27
A21: MT20 | B21: SUPORTE P/ ILHÓS C/ 10CM 19MM | C21: -- | D21: =SUM(K21-(K21*Capa!$C$1)) -> 21.41 | E21: =SUM(L21-(L21*Capa!$C$1)) -> 21.41 | F21: =SUM(M21-(M21*Capa!$C$1)) -> 21.41 | G21: =SUM(N21-(N21*Capa!$C$1)) -> 24.03 | H21: =SUM(O21-(O21*Capa!$C$1)) -> 27.8 | J21: -- | K21: 21.41 | L21: 21.41 | M21: 21.41 | N21: 24.03 | O21: 27.8
A22: MT21 | B22: SUPORTE P/ ILHÓS C/ 10CM 32MM | C22: -- | D22: =SUM(K22-(K22*Capa!$C$1)) -> 30.43 | E22: =SUM(L22-(L22*Capa!$C$1)) -> 30.43 | F22: =SUM(M22-(M22*Capa!$C$1)) -> 30.43 | G22: =SUM(N22-(N22*Capa!$C$1)) -> 37.38 | H22: =SUM(O22-(O22*Capa!$C$1)) -> 44.4 | J22: -- | K22: 30.43 | L22: 30.43 | M22: 30.43 | N22: 37.38 | O22: 44.4
A23: MT22 | B23: SUPORTE C/ 15CM 19MM | C23: -- | D23: =SUM(K23-(K23*Capa!$C$1)) -> 36.54 | E23: =SUM(L23-(L23*Capa!$C$1)) -> 36.54 | F23: =SUM(M23-(M23*Capa!$C$1)) -> 36.54 | G23: =SUM(N23-(N23*Capa!$C$1)) -> 44.55 | H23: =SUM(O23-(O23*Capa!$C$1)) -> 48.31 | J23: -- | K23: 36.54 | L23: 36.54 | M23: 36.54 | N23: 44.55 | O23: 48.31
A24: MT23 | B24: SUPORTE C/ 15CM 32MM | C24: -- | D24: =SUM(K24-(K24*Capa!$C$1)) -> 36.78 | E24: =SUM(L24-(L24*Capa!$C$1)) -> 36.78 | F24: =SUM(M24-(M24*Capa!$C$1)) -> 36.78 | G24: =SUM(N24-(N24*Capa!$C$1)) -> 51.02 | H24: =SUM(O24-(O24*Capa!$C$1)) -> 55.02 | J24: -- | K24: 36.78 | L24: 36.78 | M24: 36.78 | N24: 51.02 | O24: 55.02
A25: MT25 | B25: SUPORTE DUPLO ILHÓS CENTRAL 19/32MM | C25: -- | D25: =SUM(K25-(K25*Capa!$C$1)) -> 41.77 | E25: =SUM(L25-(L25*Capa!$C$1)) -> 41.77 | F25: =SUM(M25-(M25*Capa!$C$1)) -> 41.77 | G25: =SUM(N25-(N25*Capa!$C$1)) -> 52.87 | H25: =SUM(O25-(O25*Capa!$C$1)) -> 65.58 | J25: -- | K25: 41.77 | L25: 41.77 | M25: 41.77 | N25: 52.87 | O25: 65.58
A26: MS26 | B26: SUPORTE DE TETO 19MM | C26: -- | D26: =SUM(K26-(K26*Capa!$C$1)) -> 22.02 | E26: =SUM(L26-(L26*Capa!$C$1)) -> 22.02 | F26: =SUM(M26-(M26*Capa!$C$1)) -> 22.02 | G26: =SUM(N26-(N26*Capa!$C$1)) -> 26.62 | H26: =SUM(O26-(O26*Capa!$C$1)) -> 30.97 | J26: -- | K26: 22.02 | L26: 22.02 | M26: 22.02 | N26: 26.62 | O26: 30.97
... A31: MT10 | B31: FLANGE 32MM | C31: -- | D31: =SUM(K31-(K31*Capa!$C$1)) -> 18.13 | E31: =SUM(L31-(L31*Capa!$C$1)) -> 18.13 | F31: =SUM(M31-(M31*Capa!$C$1)) -> 18.13 | G31: =SUM(N31-(N31*Capa!$C$1)) -> 21.36 | H31: =SUM(O31-(O31*Capa!$C$1)) -> 24.9 | J31: -- | K31: 18.13 | L31: 18.13 | M31: 18.13 | N31: 21.36 | O31: 24.9
A32: APANHADORES EM MADEIRA
A33: CÓD. | B33: DESCRIÇÃO | C33: PALHA | D33: IMBUIA | E33: CEREJEIRA | F33: MOGNO | G33: MARFIM | H33: BRANCO | J33: PALHA | K33: IMBUIA | L33: CEREJEIRA | M33: MOGNO | N33: MARFIM | O33: BRANCO
A34: MS05 | B34: APANHADOR DE CHALE EM MADEIRA 11CM | C34: -- | D34: =SUM(K34-(K34*Capa!$C$1)) -> 20.68 | E34: =SUM(L34-(L34*Capa!$C$1)) -> 20.68 | F34: =SUM(M34-(M34*Capa!$C$1)) -> 20.68 | G34: =SUM(N34-(N34*Capa!$C$1)) -> 23.78 | H34: =SUM(O34-(O34*Capa!$C$1)) -> 24.91 | J34: -- | K34: 20.68 | L34: 20.68 | M34: 20.68 | N34: 23.78 | O34: 24.91
A35: MS06 | B35: APANHADOR DE CHALE EM MADEIRA 16CM | C35: -- | D35: =SUM(K35-(K35*Capa!$C$1)) -> 23.14 | E35: =SUM(L35-(L35*Capa!$C$1)) -> 23.14 | F35: =SUM(M35-(M35*Capa!$C$1)) -> 23.14 | G35: =SUM(N35-(N35*Capa!$C$1)) -> 26.92 | H35: =SUM(O35-(O35*Capa!$C$1)) -> 28.57 | J35: -- | K35: 23.14 | L35: 23.14 | M35: 23.14 | N35: 26.92 | O35: 28.57
A36: SUPORTES EM PVC
A37: CÓD. | B37: DESCRIÇÃO | C37: PALHA | D37: IMBUIA | E37: CEREJEIRA | F37: MOGNO | G37: MARFIM | H37: BRANCO | J37: PALHA | K37: IMBUIA | L37: CEREJEIRA | M37: MOGNO | N37: MARFIM | O37: BRANCO
A38: SP001 | B38: SUPORTE SIMPLES 19MM (JOGO COM PONTEIRAS) | C38: =SUM(J38-(J38*Capa!$C$1)) -> 3.57 | D38: =SUM(K38-(K38*Capa!$C$1)) -> 3.57 | E38: =SUM(L38-(L38*Capa!$C$1)) -> 3.57 | F38: =SUM(M38-(M38*Capa!$C$1)) -> 3.57 | G38: =SUM(N38-(N38*Capa!$C$1)) -> 3.57 | H38: =SUM(O38-(O38*Capa!$C$1)) -> 3.57 | J38: 3.57 | K38: 3.57 | L38: 3.57 | M38: 3.57 | N38: 3.57 | O38: 3.57
A39: SP002 | B39: SUPORTE SIMPLES 28MM (JOGO COM PONTEIRAS) | C39: =SUM(J39-(J39*Capa!$C$1)) -> 4.55 | D39: =SUM(K39-(K39*Capa!$C$1)) -> 4.55 | E39: =SUM(L39-(L39*Capa!$C$1)) -> 4.55 | F39: =SUM(M39-(M39*Capa!$C$1)) -> 4.55 | G39: =SUM(N39-(N39*Capa!$C$1)) -> 4.55 | H39: =SUM(O39-(O39*Capa!$C$1)) -> 4.55 | J39: 4.55 | K39: 4.55 | L39: 4.55 | M39: 4.55 | N39: 4.55 | O39: 4.55
A40: SP003 | B40: SUPORTE DUPLO 19/19MM (JOGO COM PONTEIRAS) | C40: =SUM(J40-(J40*Capa!$C$1)) -> 5.7 | D40: =SUM(K40-(K40*Capa!$C$1)) -> 5.7 | E40: =SUM(L40-(L40*Capa!$C$1)) -> 5.7 | F40: =SUM(M40-(M40*Capa!$C$1)) -> 5.7 | G40: =SUM(N40-(N40*Capa!$C$1)) -> 5.7 | H40: =SUM(O40-(O40*Capa!$C$1)) -> 5.7 | J40: 5.7 | K40: 5.7 | L40: 5.7 | M40: 5.7 | N40: 5.7 | O40: 5.7
A41: SP004 | B41: SUPORTE DUPLO 19/28MM (JOGO COM PONTEIRAS) | C41: =SUM(J41-(J41*Capa!$C$1)) -> 6.23 | D41: =SUM(K41-(K41*Capa!$C$1)) -> 6.23 | E41: =SUM(L41-(L41*Capa!$C$1)) -> 6.23 | F41: =SUM(M41-(M41*Capa!$C$1)) -> 6.23 | G41: =SUM(N41-(N41*Capa!$C$1)) -> 6.23 | H41: =SUM(O41-(O41*Capa!$C$1)) -> 6.23 | J41: 6.23 | K41: 6.23 | L41: 6.23 | M41: 6.23 | N41: 6.23 | O41: 6.23
A42: SP005 | B42: FLANGE ABERTA 19MM (JOGO COM PONTEIRAS) | C42: =SUM(J42-(J42*Capa!$C$1)) -> 2.65 | D42: =SUM(K42-(K42*Capa!$C$1)) -> 2.65 | E42: =SUM(L42-(L42*Capa!$C$1)) -> 2.65 | F42: =SUM(M42-(M42*Capa!$C$1)) -> 2.65 | G42: =SUM(N42-(N42*Capa!$C$1)) -> 2.65 | H42: =SUM(O42-(O42*Capa!$C$1)) -> 2.65 | J42: 2.65 | K42: 2.65 | L42: 2.65 | M42: 2.65 | N42: 2.65 | O42: 2.65
A43: SP006 | B43: FLANGE ABERTA 28MM (JOGO COM PONTEIRAS) | C43: =SUM(J43-(J43*Capa!$C$1)) -> 3.02 | D43: =SUM(K43-(K43*Capa!$C$1)) -> 3.02 | E43: =SUM(L43-(L43*Capa!$C$1)) -> 3.02 | F43: =SUM(M43-(M43*Capa!$C$1)) -> 3.02 | G43: =SUM(N43-(N43*Capa!$C$1)) -> 3.02 | H43: =SUM(O43-(O43*Capa!$C$1)) -> 3.02 | J43: 3.02 | K43: 3.02 | L43: 3.02 | M43: 3.02 | N43: 3.02 | O43: 3.02
A44: ARGOLAS
A45: CÓD. | B45: DESCRIÇÃO | C45: PALHA | D45: IMBUIA | E45: CEREJEIRA | F45: MOGNO | G45: MARFIM | H45: BRANCO | J45: PALHA | K45: IMBUIA | L45: CEREJEIRA | M45: MOGNO | N45: MARFIM | O45: BRANCO
A46: MT01 | B46: ARGOLA DE MADEIRA 19MM | C46: -- | D46: =SUM(K46-(K46*Capa!$C$1)) -> 0.96 | E46: =SUM(L46-(L46*Capa!$C$1)) -> 0.96 | F46: =SUM(M46-(M46*Capa!$C$1)) -> 0.96 | G46: =SUM(N46-(N46*Capa!$C$1)) -> 1.1 | H46: =SUM(O46-(O46*Capa!$C$1)) -> 1.93 | J46: -- | K46: 0.96 | L46: 0.96 | M46: 0.96 | N46: 1.1 | O46: 1.93
A47: MT02 | B47: ARGOLA DE MADEIRA 32MM | C47: -- | D47: =SUM(K47-(K47*Capa!$C$1)) -> 1.36 | E47: =SUM(L47-(L47*Capa!$C$1)) -> 1.36 | F47: =SUM(M47-(M47*Capa!$C$1)) -> 1.36 | G47: =SUM(N47-(N47*Capa!$C$1)) -> 1.66 | H47: =SUM(O47-(O47*Capa!$C$1)) -> 2.83 | J47: -- | K47: 1.36 | L47: 1.36 | M47: 1.36 | N47: 1.66 | O47: 2.83
A48: AP201 | B48: ARGOLA PVC 19MM | C48: =SUM(J48-(J48*Capa!$C$1)) -> 0.19 | D48: =SUM(K48-(K48*Capa!$C$1)) -> 0.19 | E48: =SUM(L48-(L48*Capa!$C$1)) -> 0.19 | F48: =SUM(M48-(M48*Capa!$C$1)) -> 0.19 | G48: =SUM(N48-(N48*Capa!$C$1)) -> 0.19 | H48: =SUM(O48-(O48*Capa!$C$1)) -> 0.29 | J48: 0.19 | K48: 0.19 | L48: 0.19 | M48: 0.19 | N48: 0.19 | O48: 0.29
A49: AP202 | B49: ARGOLA PVC 28MM | C49: =SUM(J49-(J49*Capa!$C$1)) -> 0.21 | D49: =SUM(K49-(K49*Capa!$C$1)) -> 0.21 | E49: =SUM(L49-(L49*Capa!$C$1)) -> 0.21 | F49: =SUM(M49-(M49*Capa!$C$1)) -> 0.21 | G49: =SUM(N49-(N49*Capa!$C$1)) -> 0.21 | H49: =SUM(O49-(O49*Capa!$C$1)) -> 0.39 | J49: 0.21 | K49: 0.21 | L49: 0.21 | M49: 0.21 | N49: 0.21 | O49: 0.39
A50: ILHOSES
A51: CÓD. | B51: DESCRIÇÃO | C51: PALHA | D51: IMBUIA | E51: CEREJEIRA | F51: MOGNO | G51: MARFIM | H51: BRANCO | J51: PALHA | K51: IMBUIA | L51: CEREJEIRA | M51: MOGNO | N51: MARFIM | O51: BRANCO
A52: IL20 | B52: ILHÓS REDONDO 28MM | C52: =SUM(J52-(J52*Capa!$C$1)) -> 32.1 | D52: =SUM(K52-(K52*Capa!$C$1)) -> 32.1 | E52: =SUM(L52-(L52*Capa!$C$1)) -> 32.1 | F52: =SUM(M52-(M52*Capa!$C$1)) -> 32.1 | G52: =SUM(N52-(N52*Capa!$C$1)) -> 32.1 | H52: =SUM(O52-(O52*Capa!$C$1)) -> 32.1 | J52: 32.1 | K52: 32.1 | L52: 32.1 | M52: 32.1 | N52: 32.1 | O52: 32.1
A53: IL30 | B53: ILHÓS REDONDO 19MM | C53: =SUM(J53-(J53*Capa!$C$1)) -> 26.9 | D53: =SUM(K53-(K53*Capa!$C$1)) -> 26.9 | E53: =SUM(L53-(L53*Capa!$C$1)) -> 26.9 | F53: =SUM(M53-(M53*Capa!$C$1)) -> 26.9 | G53: =SUM(N53-(N53*Capa!$C$1)) -> 26.9 | H53: =SUM(O53-(O53*Capa!$C$1)) -> 26.9 | J53: 26.9 | K53: 26.9 | L53: 26.9 | M53: 26.9 | N53: 26.9 | O53: 26.9
A54: IL50 | B54: ILHÓS QUADRADO 28MM | C54: =SUM(J54-(J54*Capa!$C$1)) -> 32.1 | D54: =SUM(K54-(K54*Capa!$C$1)) -> 32.1 | E54: =SUM(L54-(L54*Capa!$C$1)) -> 32.1 | F54: =SUM(M54-(M54*Capa!$C$1)) -> 32.1 | G54: =SUM(N54-(N54*Capa!$C$1)) -> 32.1 | H54: =SUM(O54-(O54*Capa!$C$1)) -> 32.1 | J54: 32.1 | K54: 32.1 | L54: 32.1 | M54: 32.1 | N54: 32.1 | O54: 32.1
A55: IL60 | B55: ILHÓS QUADRADO 19MM | C55: =SUM(J55-(J55*Capa!$C$1)) -> 26.9 | D55: =SUM(K55-(K55*Capa!$C$1)) -> 26.9 | E55: =SUM(L55-(L55*Capa!$C$1)) -> 26.9 | F55: =SUM(M55-(M55*Capa!$C$1)) -> 26.9 | G55: =SUM(N55-(N55*Capa!$C$1)) -> 26.9 | H55: =SUM(O55-(O55*Capa!$C$1)) -> 26.9 | J55: 26.9 | K55: 26.9 | L55: 26.9 | M55: 26.9 | N55: 26.9 | O55: 26.9
A56: PRESILHAS
A57: CÓD. | B57: DESCRIÇÃO | C57: PALHA | D57: IMBUIA | E57: CEREJEIRA | F57: MOGNO | G57: MARFIM | H57: BRANCO | J57: PALHA | K57: IMBUIA | L57: CEREJEIRA | M57: MOGNO | N57: MARFIM | O57: BRANCO
A58: PP028 | B58: PRESILHA P/ CHALE OVAL | C58: =SUM(J58-(J58*Capa!$C$1)) -> 6.1 | D58: =SUM(K58-(K58*Capa!$C$1)) -> 6.1 | E58: =SUM(L58-(L58*Capa!$C$1)) -> 6.1 | F58: =SUM(M58-(M58*Capa!$C$1)) -> 6.1 | G58: =SUM(N58-(N58*Capa!$C$1)) -> 6.1 | H58: =SUM(O58-(O58*Capa!$C$1)) -> 6.1 | J58: 6.1 | K58: 6.1 | L58: 6.1 | M58: 6.1 | N58: 6.1 | O58: 6.1
A59: PPL229 | B59: PRESILHA P/ CHALE LOSANGO | C59: =SUM(J59-(J59*Capa!$C$1)) -> 6.1 | D59: =SUM(K59-(K59*Capa!$C$1)) -> 6.1 | E59: =SUM(L59-(L59*Capa!$C$1)) -> 6.1 | F59: =SUM(M59-(M59*Capa!$C$1)) -> 6.1 | G59: =SUM(N59-(N59*Capa!$C$1)) -> 6.1 | H59: =SUM(O59-(O59*Capa!$C$1)) -> 6.1 | J59: 6.1 | K59: 6.1 | L59: 6.1 | M59: 6.1 | N59: 6.1 | O59: 6.1
A60: EMENDAS
A61: EP001 | B61: EMENDA PARA VARÃO 19MM | G61: =SUM(J61-(J61*Capa!$C$1)) -> 1.2 | J61: 1.2
A62: EP002 | B62: EMENDA PARA VARÃO 28MM | G62: =SUM(J62-(J62*Capa!$C$1)) -> 1.6 | J62: 1.6
A63: EP003 | B63: EMENDA PARA VARÃO 32MM | G63: =SUM(J63-(J63*Capa!$C$1)) -> 1.8 | J63: 1.8

Sheet Barras
A1: *PEDIDO MINIMO 5 BARRAS DE CADA COR
A2: *NÃO EFETUAMOS CORTES EM BARRAS
A3: VARÕES (PREÇO POR BARRA)
A4: CÓD. | B4: DESCRIÇÃO | C4: CORES | D4: ACIMA DE 5 BARRAS | E4: ACIMA DE 10 BARRAS | G4: 5 BARRAS | H4: 10 BARRAS
A5: TAL002 | B5: VARÃO 28MM ALUMÍNIO | C5: CROMADO | D5: =SUM(G5-(G5*Capa!$C$1)) -> 59.88 | E5: =SUM(H5-(H5*Capa!$C$1)) -> 56.88 | G5: 59.88 | H5: 56.88
A6: TAL002 | B6: VARÃO 28MM ALUMÍNIO | C6: AÇO ESCOVADO | D6: =SUM(G6-(G6*Capa!$C$1)) -> 63.42 | E6: =SUM(H6-(H6*Capa!$C$1)) -> 60.24 | G6: 63.42 | H6: 60.24
A7: TAL002 | B7: VARÃO 28MM ALUMÍNIO | C7: PRETO / BRANCO | D7: =SUM(G7-(G7*Capa!$C$1)) -> 58.08 | E7: =SUM(H7-(H7*Capa!$C$1)) -> 55.14 | G7: 58.08 | H7: 55.14
A8: TAL002DO | B8: VARÃO 28MM ALUMÍNIO | C8: DOURADO | D8: =SUM(G8-(G8*Capa!$C$1)) -> 74.96 | E8: =SUM(H8-(H8*Capa!$C$1)) -> 71.16 | G8: 74.96 | H8: 71.16
A9: TAL002OV | B9: VARÃO 28MM ALUMÍNIO | C9: OURO VELHO | D9: =SUM(G9-(G9*Capa!$C$1)) -> 127.82 | E9: =SUM(H9-(H9*Capa!$C$1)) -> 124.1 | G9: 127.82 | H9: 124.1
A10: TAL003 | B10: VARÃO 19MM ALUMÍNIO | C10: CROMADO | D10: =SUM(G10-(G10*Capa!$C$1)) -> 43.38 | E10: =SUM(H10-(H10*Capa!$C$1)) -> 41.34 | G10: 43.38 | H10: 41.34
A11: TAL003 | B11: VARÃO 19MM ALUMÍNIO | C11: AÇO ESCOVADO | D11: =SUM(G11-(G11*Capa!$C$1)) -> 47.1 | E11: =SUM(H11-(H11*Capa!$C$1)) -> 44.7 | G11: 47.1 | H11: 44.7
A12: TAL003 | B12: VARÃO 19MM ALUMÍNIO | C12: PRETO / BRANCO | D12: =SUM(G12-(G12*Capa!$C$1)) -> 40.02 | E12: =SUM(H12-(H12*Capa!$C$1)) -> 37.74 | G12: 40.02 | H12: 37.74
A13: TAL003DO | B13: VARÃO 19MM ALUMÍNIO | C13: DOURADO | D13: =SUM(G13-(G13*Capa!$C$1)) -> 70.38 | E13: =SUM(H13-(H13*Capa!$C$1)) -> 66.9 | G13: 70.38 | H13: 66.9
A14: TAL003OV | B14: VARÃO 19MM ALUMÍNIO | C14: OURO VELHO | D14: =SUM(G14-(G14*Capa!$C$1)) -> 83.97 | E14: =SUM(H14-(H14*Capa!$C$1)) -> 81.53 | G14: 83.97 | H14: 81.53
A15: TAL004 | B15: VARÃO 13MM ALUMÍNIO | C15: CROMADO,AÇO ESCOVADO E BRANCO | D15: =SUM(G15-(G15*Capa!$C$1)) -> 61.64 | E15: =SUM(H15-(H15*Capa!$C$1)) -> 59.85 | G15: 61.64 | H15: 59.85
A16: TAL004DO | B16: VARÃO 13MM ALUMÍNIO | C16: DOURADO | D16: =SUM(G16-(G16*Capa!$C$1)) -> 61.64 | E16: =SUM(H16-(H16*Capa!$C$1)) -> 59.85 | G16: 61.64 | H16: 59.85
... A33: VUD02 | B33: VARÃO WAVE ULTRA DESLIZANTE 19MM | C33: BRANCO / PRETO / DOURADO / OURO VELHO / OURO ROSE | D33: =SUM(G33-(G33*Capa!$C$1)) -> 73.86 | E33: =SUM(H33-(H33*Capa!$C$1)) -> 70.14 | G33: 73.86 | H33: 70.14
A34: TRILHOS (PREÇO POR BARRA)
A35: CÓD. | B35: DESCRIÇÃO | C35: CORES | D35: ACIMA DE 5 BARRAS | E35: ACIMA DE 10 BARRAS | G35: 5 BARRAS | H35: 10 BARRAS
A36: AC019 | B36: TRILHO ULTRA DESLIZANTE SIMPLES (01) | C36: BRANCO | D36: =SUM(G36-(G36*Capa!$C$1)) -> 29.1 | E36: =SUM(H36-(H36*Capa!$C$1)) -> 27.72 | G36: 29.1 | H36: 27.72
A37: AC020 | B37: TRILHO ULTRA DESLIZANTE DUPLO (02) | C37: BRANCO | D37: =SUM(G37-(G37*Capa!$C$1)) -> 68.58 | E37: =SUM(H37-(H37*Capa!$C$1)) -> 65.16 | G37: 68.58 | H37: 65.16
A38: AC020AL | B38: TRILHO ULTRA DESLIZANTE DUPLO (02) ALONGADO | C38: BRANCO | D38: =SUM(G38-(G38*Capa!$C$1)) -> 86.16 | E38: =SUM(H38-(H38*Capa!$C$1)) -> 81.84 | G38: 86.16 | H38: 81.84
A39: AC021 | B39: TRILHO ULTRA DESLIZANTE TRIPLO (03) | C39: BRANCO | D39: =SUM(G39-(G39*Capa!$C$1)) -> 106.62 | E39: =SUM(H39-(H39*Capa!$C$1)) -> 101.28 | G39: 106.62 | H39: 101.28
A40: AC028 | B40: TRILHO ULTRA DESLIZANTE C/ SANEFA (01) SIMPLES | C40: BRANCO | D40: =SUM(G40-(G40*Capa!$C$1)) -> 69.18 | E40: =SUM(H40-(H40*Capa!$C$1)) -> 65.88 | G40: 69.18 | H40: 65.88
A41: AC028 | B41: TRILHO ULTRA DESLIZANTE C/ SANEFA (02) DUPLO | C41: BRANCO | D41: =SUM(G41-(G41*Capa!$C$1)) -> 106.08 | E41: =SUM(H41-(H41*Capa!$C$1)) -> 100.74 | G41: 106.08 | H41: 100.74
A42: AC037 | B42: TRILHO ULTRA DESLIZANTE SIMPLES C/ ABA (01) | C42: BRANCO | D42: =SUM(G42-(G42*Capa!$C$1)) -> 32.16 | E42: =SUM(H42-(H42*Capa!$C$1)) -> 30.6 | G42: 32.16 | H42: 30.6
A43: AC019EX | B43: TRILHO ULTRA DESLIZANTE EXTRA | C43: BRANCO / PRETO | D43: =SUM(G43-(G43*Capa!$C$1)) -> 44.46 | E43: =SUM(H43-(H43*Capa!$C$1)) -> 42.3 | G43: 44.46 | H43: 42.3
A44: AC019EXAB | B44: TRILHO ULTRA DESLIZANTE EXTRA C/ ABA | C44: BRANCO / PRETO | D44: =SUM(G44-(G44*Capa!$C$1)) -> 47.88 | E44: =SUM(H44-(H44*Capa!$C$1)) -> 45.48 | G44: 47.88 | H44: 45.48
A45: AC030 | B45: TRILHO ULTRA DESLIZANTE CURVO | C45: BRANCO | D45: =SUM(G45-(G45*Capa!$C$1)) -> 47.4 | E45: =SUM(H45-(H45*Capa!$C$1)) -> 45.06 | G45: 47.4 | H45: 45.06
A46: AC016 | B46: TRILHO ALUMÍNIO DUPLO | C46: -- | D46: =SUM(G46-(G46*Capa!$C$1)) -> 41.88 | E46: =SUM(H46-(H46*Capa!$C$1)) -> 39.78 | G46: 41.88 | H46: 39.78
A47: AC017 | B47: TRILHO ALUMÍNIO TRIPLO | C47: -- | D47: =SUM(G47-(G47*Capa!$C$1)) -> 48.72 | E47: =SUM(H47-(H47*Capa!$C$1)) -> 46.26 | G47: 48.72 | H47: 46.26
A48: AC018 | B48: TRILHO ALUMÍNIO QUÁDUPLO | C48: -- | D48: =SUM(G48-(G48*Capa!$C$1)) -> 66.12 | E48: =SUM(H48-(H48*Capa!$C$1)) -> 62.82 | G48: 66.12 | H48: 62.82
A49: ADICIONAL DE EMBALAGEM (TUBO DE PAPELÃO REFORÇADO)
A50: DESCRIÇÃO | D50: VALOR POR METRO | G50: VALOR POR METRO
A51: TUBO DE PAPELÃO PEQUENO - EMBALAGEM PARA ATÉ 10 TRILHOS SIMPLES OU 3 VARÕES | D51: ='Cor Metal'!H9 -> 6.25
A52: TUBO DE PAPELÃO GRANDE - EMBALAGEM PARA ATÉ 30 TRILHOS SIMPLES OU 8 VARÕES | D52: ='Cor Metal'!H10 -> 9.54

Sheet Broca-Bucha-Parafuso
A1: PARAFUSOS
A2: CÓD. | B2: DESCRIÇÃO | C2: QUANTIDADE | D2: PREÇO | F2: PREÇO
A3: 396728021C | B3: PARAFUSO PHILIPS 5,0 X 50 CABEÇA CHATA | C3: CENTO | D3: =SUM(F3-(F3*Capa!$C$1)) -> 25.82 | F3: 25.82
A4: 396730021C | B4: PARAFUSO PHILIPS 5,0 X 60 CABEÇA CHATA | C4: CENTO | D4: =SUM(F4-(F4*Capa!$C$1)) -> 29.95 | F4: 29.95
A5: 39162802 | B5: PARAFUSO PHILIPS 4,5 X 50 CABEÇA CHATA | C5: CENTO | D5: =SUM(F5-(F5*Capa!$C$1)) -> 19.57 | F5: 19.57
A6: 35137101 | B6: PARAFUSO PHILIPS 3,5 X 25 CABEÇA CHATA | C6: CENTO | D6: =SUM(F6-(F6*Capa!$C$1)) -> 12.61 | F6: 12.61
A7: 35147301 | B7: PARAFUSO PHILIPS 3,9 X 32 CABEÇA CHATA | C7: CENTO | D7: =SUM(F7-(F7*Capa!$C$1)) -> 17.82 | F7: 17.82
A8: 35121301 | B8: PARAFUSO PHILIPS 2,9 X 13 CABEÇA CHATA | C8: CENTO | D8: =SUM(F8-(F8*Capa!$C$1)) -> 9.66 | F8: 9.66
A9: 43051002 | B9: PARAFUSO PHILIPS 4,0 X 10 CABEÇA PANELA C/ PORCA SEXTAVADO 4,0 | C9: CENTO | D9: =SUM(F9-(F9*Capa!$C$1)) -> 23.49 | F9: 23.49
A10: 80620101 | B10: ARRUELA LISA 5,0 | C10: CENTO | D10: =SUM(F10-(F10*Capa!$C$1)) -> 5.87 | F10: 5.87
A11: 2176601 | B11: PARAFUSO PHILIPS BROCANTE 4,2 X 16 | C11: CENTO | D11: =SUM(F11-(F11*Capa!$C$1)) -> 17.45 | F11: 17.45
A12: BUCHAS
A13: CÓD. | B13: DESCRIÇÃO | C13: QUANTIDADE | D13: PREÇO | F13: PREÇO
A14: 44920100 | B14: BUCHA NYLON Nº 5 | C14: CENTO | D14: =SUM(F14-(F14*Capa!$C$1)) -> 6.96 | F14: 6.96
A15: 44925100 | B15: BUCHA NYLON Nº 6 | C15: CENTO | D15: =SUM(F15-(F15*Capa!$C$1)) -> 7.8 | F15: 7.8
A16: 44930100 | B16: BUCHA NYLON Nº 7 | C16: CENTO | D16: =SUM(F16-(F16*Capa!$C$1)) -> 10.43 | F16: 10.43
A17: BROCAS
A18: CÓD. | B18: DESCRIÇÃO | C18: QUANTIDADE | D18: PREÇO | F18: PREÇO
A19: 47803000 | B19: BROCA AÇO CISER EXCCELLENT 3.0 | C19: UNIDADE | D19: =SUM(F19-(F19*Capa!$C$1)) -> 8.98 | F19: 8.98
A20: 48605300 | B20: BROCA WIDEA CISER ESPECIAL 5 (3 X 16) X100 | C20: UNIDADE | D20: =SUM(F20-(F20*Capa!$C$1)) -> 9.78 | F20: 9.78
A21: 48613300 | B21: BROCA WIDEA CISER ESPECIAL 6 (7 X 32) X100 | C21: UNIDADE | D21: =SUM(F21-(F21*Capa!$C$1)) -> 12.78 | F21: 12.78
A22: 48615300 | B22: BROCA WIDEA CISER ESPECIAL 6,5 (1/4) X100 | C22: UNIDADE | D22: =SUM(F22-(F22*Capa!$C$1)) -> 13.07 | F22: 13.07
A23: 48616300 | B23: BROCA WIDEA CISER ESPECIAL 7 (9/32) X100 | C23: UNIDADE | D23: =SUM(F23-(F23*Capa!$C$1)) -> 14.14 | F23: 14.14
A24: 57518500 | B24: PONTA PHILIPS MAGNETICA P/ PARAFUSADEIRA 21 | C24: UNIDADE | D24: =SUM(F24-(F24*Capa!$C$1)) -> 12.91 | F24: 12.91
B25: SPRAY SILICONE | C25: UNIDADE | D25: =SUM(F25-(F25*Capa!$C$1)) -> 21.55 | F25: 21.55

Sheet Aviamentos-Pingentes
A1: ENTRETELAS
A2: CÓD. | B2: DESCRIÇÃO | D2: QUANTIDADE | E2: PREÇO | H2: PREÇO
A3: AC001 | B3: ENTRETELA FLORENCE 08 CM BRANCO / BEGE | D3: PEÇA | E3: =SUM(H3-(H3*Capa!$C$1)) -> 62.92 | H3: 62.92
A4: AC002 | B4: ENTRETELA FLORENCE 10 CM BRANCO / BEGE | D4: PEÇA | E4: =SUM(H4-(H4*Capa!$C$1)) -> 70.99 | H4: 70.99
A5: AC003 | B5: ENTRETELA FLORENCE 12 CM BRANCO / BEGE | D5: PEÇA | E5: =SUM(H5-(H5*Capa!$C$1)) -> 89.98 | H5: 89.98
A6: AC004 | B6: ENTRETELA FLORENCE 20 CM BRANCO / BEGE | D6: PEÇA | E6: =SUM(H6-(H6*Capa!$C$1)) -> 153.97 | H6: 153.97
A7: AC03801 | B7: ENTRETELA TECIDO 10 CM BRANCA | D7: PEÇA | E7: =SUM(H7-(H7*Capa!$C$1)) -> 127.39 | H7: 127.39
A8: AC03802 | B8: ENTRETELA TECIDO 10 CM BEGE | D8: PEÇA | E8: =SUM(H8-(H8*Capa!$C$1)) -> 113.71 | H8: 113.71
A9: AC040 | B9: ENTRETELA TNT 8CM BRANCO | D9: PEÇA | E9: =SUM(H9-(H9*Capa!$C$1)) -> 33.6 | H9: 33.6
A10: AC041 | B10: ENTRETELA TNT 10CM BRANCO / PRETO | D10: PEÇA | E10: =SUM(H10-(H10*Capa!$C$1)) -> 39.98 | H10: 39.98
A11: AC042 | B11: ENTRETELA TNT 12CM BRANCO | D11: PEÇA | E11: =SUM(H11-(H11*Capa!$C$1)) -> 52.1 | H11: 52.1
A12: TNT200 | B12: ENTRETELA TNT 200G COM 10CM BRANCO | D12: PEÇA | E12: =SUM(H12-(H12*Capa!$C$1)) -> 43.9 | H12: 43.9
A13: EWP | B13: ENTRETELA WAVE PLUS | D13: PEÇA | E13: ='Wave-Square-Retangular'!G46 -> 329.7 | H13: --
A14: FRANZIDORES DE ALGODÃO
A15: F002 | B15: FRANZIDOR 02 FIOS FLORENCE | D15: PEÇA | E15: =SUM(H15-(H15*Capa!$C$1)) -> 49 | H15: 49
A16: F003 | B16: FRANZIDOR 03 FIOS FLORENCE | D16: PEÇA | E16: =SUM(H16-(H16*Capa!$C$1)) -> 63.72 | H16: 63.72
A17: F004 | B17: FRANZIDOR 04 FIOS FLORENCE | D17: PEÇA | E17: =SUM(H17-(H17*Capa!$C$1)) -> 73.45 | H17: 73.45
A18: F005 | B18: FRANZIDOR 05 FIOS FLORENCE | D18: PEÇA | E18: =SUM(H18-(H18*Capa!$C$1)) -> 106.02 | H18: 106.02
A19: GANCHO PARA ARGOLA
A20: AC008 | B20: GANCHO INCOLOR | D20: UNIDADE | E20: =SUM(H20-(H20*Capa!$C$1)) -> 0.09 | H20: 0.09
A21: AC008-2 | B21: PACOTE C/ 100 GANCHOS INCOLOR | D21: CENTRO | E21: =SUM(H21-(H21*Capa!$C$1)) -> 5.78 | H21: 5.78
A22: AC008-3 | B22: PACOTE C/ 1.000 GANCHOS INCOLOR | D22: MIL | E22: =SUM(H22-(H22*Capa!$C$1)) -> 50.3 | H22: 50.3
A23: ACESSÓRIOS
A24: AC012 | B24: SUPORTE (L) 05X08 ZINCADO | D24: UNIDADE | E24: =SUM(H24-(H24*Capa!$C$1)) -> 1.88 | H24: 1.88
A25: AC005 | B25: SUPORTE (L) 03X03 ZINCADO | D25: UNIDADE | E25: =SUM(H25-(H25*Capa!$C$1)) -> 1.45 | H25: 1.45
A26: AC006 | B26: SUPORTE (L) 05X05 ZINCADO | D26: UNIDADE | E26: =SUM(H26-(H26*Capa!$C$1)) -> 1.77 | H26: 1.77
A27: AC012P | B27: SUPORTE (L) 05X08 PINTADO | D27: UNIDADE | E27: =SUM(H27-(H27*Capa!$C$1)) -> 2.56 | H27: 2.56
A28: AC005P | B28: SUPORTE (L) 03X03 PINTADO | D28: UNIDADE | E28: =SUM(H28-(H28*Capa!$C$1)) -> 1.99 | H28: 1.99
A29: AC006P | B29: SUPORTE (L) 05X05 PINTADO | D29: UNIDADE | E29: =SUM(H29-(H29*Capa!$C$1)) -> 2.45 | H29: 2.45
A30: AC027 | B30: ABRAÇADEIRA TREVO (LATÃO) | D30: UNIDADE | E30: =SUM(H30-(H30*Capa!$C$1)) -> 1.49 | H30: 1.49
A31: ABRAÇADEIRAS E PINGENTES
A32: CÓD. | B32: DESCRIÇÃO | D32: QUANT. | E32: VALOR
A33: ABTF | B33: ABRAÇADEIRA TIFFANY (LANÇAMENTO) | D33: UNIDADE | E33: =SUM('Aviamentos-Pingentes'!H33-('Aviamentos-Pingentes'!H33*Capa!$C$1)) -> 65 | H33: 65
A34: ABT | B34: ABRAÇADEIRA TRANÇADA (LANÇAMENTO) | D34: UNIDADE | E34: =SUM('Aviamentos-Pingentes'!H34-('Aviamentos-Pingentes'!H34*Capa!$C$1)) -> 175 | H34: 175
A35: ABR | B35: ABRAÇADEIRA ROMA EXCLUSIVE (LANÇAMENTO) | D35: UNIDADE | E35: =SUM('Aviamentos-Pingentes'!H35-('Aviamentos-Pingentes'!H35*Capa!$C$1)) -> 250 | H35: 250
A36: 88 | B36: PINGENTE GRAVATINHA (LANÇAMENTO) | D36: UNIDADE | E36: =SUM('Aviamentos-Pingentes'!H36-('Aviamentos-Pingentes'!H36*Capa!$C$1)) -> 29.9 | H36: 29.9
A37: 328 | B37: PINGENTE INFINITY lll (LANÇAMENTO) | D37: UNIDADE | E37: =SUM('Aviamentos-Pingentes'!H37-('Aviamentos-Pingentes'!H37*Capa!$C$1)) -> 130 | H37: 130
A38: 322 | B38: PINGENTE CIGAR (LANÇAMENTO) | D38: UNIDADE | E38: =SUM('Aviamentos-Pingentes'!H38-('Aviamentos-Pingentes'!H38*Capa!$C$1)) -> 115 | H38: 115
A39: 319 | B39: PINGENTE KIEV DUPLO (LANÇAMENTO) | D39: UNIDADE | E39: =SUM('Aviamentos-Pingentes'!H39-('Aviamentos-Pingentes'!H39*Capa!$C$1)) -> 72.96 | H39: 72.96
A40: 255 | B40: PINGENTE JAKARTA COURO (LANÇAMENTO) | D40: UNIDADE | E40: =SUM('Aviamentos-Pingentes'!H40-('Aviamentos-Pingentes'!H40*Capa!$C$1)) -> 190 | H40: 190
A41: BC002 | B41: ABRAÇADEIRA CORAÇÃO | D41: UNIDADE | E41: =SUM('Aviamentos-Pingentes'!H41-('Aviamentos-Pingentes'!H41*Capa!$C$1)) -> 104 | H41: 104
A42: 200+ | B42: ABRAÇADEIRA IMA PLUS | D42: UNIDADE | E42: =SUM('Aviamentos-Pingentes'!H42-('Aviamentos-Pingentes'!H42*Capa!$C$1)) -> 39.5 | H42: 39.5
A43: 200+F | B43: ABRAÇADEIRA IMA PLUS (FIO) | D43: UNIDADE | E43: =SUM('Aviamentos-Pingentes'!H43-('Aviamentos-Pingentes'!H43*Capa!$C$1)) -> 39.5 | H43: 39.5
A44: 200 | B44: ABRAÇADEIRA IMA SLIM | D44: UNIDADE | E44: =SUM('Aviamentos-Pingentes'!H44-('Aviamentos-Pingentes'!H44*Capa!$C$1)) -> 28.8 | H44: 28.8
A45: 200F | B45: ABRAÇADEIRA IMA SLIM (FIO) | D45: UNIDADE | E45: =SUM('Aviamentos-Pingentes'!H45-('Aviamentos-Pingentes'!H45*Capa!$C$1)) -> 28.8 | H45: 28.8
A46: BM001 | B46: ABRAÇADEIRA MANDALA C/ IMA | D46: UNIDADE | E46: =SUM(H46-(H46*Capa!$C$1)) -> 183.2 | H46: 183.2
A47: 280 | B47: EMPIRE SIX - LINHA INFINITY | D47: UNIDADE | E47: =SUM(H47-(H47*Capa!$C$1)) -> 149 | H47: 149
A48: 269 | B48: INFINITY QUADRADO | D48: UNIDADE | E48: =SUM(H48-(H48*Capa!$C$1)) -> 75.99 | H48: 75.99
A49: 270 | B49: INFINITY REDONDO | D49: UNIDADE | E49: =SUM(H49-(H49*Capa!$C$1)) -> 75.99 | H49: 75.99
A50: 259 | B50: PINGENTE ARANDA | D50: UNIDADE | E50: =SUM(H50-(H50*Capa!$C$1)) -> 41.95 | H50: 41.95
A51: 235 | B51: PINGENTE CROCHE | D51: UNIDADE | E51: =SUM(H51-(H51*Capa!$C$1)) -> 198 | H51: 198
A52: 36 | B52: PINGENTE DUPLO STRASS | D52: UNIDADE | E52: =SUM(H52-(H52*Capa!$C$1)) -> 85 | H52: 85
A53: 206 | B53: PINGENTE INDIVIDUAL OLIMPIA | D53: UNIDADE | E53: =SUM(H53-(H53*Capa!$C$1)) -> 44.9 | H53: 44.9
A54: 236 | B54: PINGENTE VIENA BOLA | D54: UNIDADE | E54: =SUM(H54-(H54*Capa!$C$1)) -> 133 | H54: 133
A55: PROMOCIONAIS
A56: B301 | B56: BRAÇADEIRA RUSTIC | D56: UNIDADE | E56: =SUM(H56-(H56*Capa!$C$1)) -> 24.99 | H56: 24.99
A57: B304 | B57: BRAÇADEIRA PEQUIM | D57: UNIDADE | E57: =SUM(H57-(H57*Capa!$C$1)) -> 24.99 | H57: 24.99
A58: BP307 | B58: BRAÇADEIRA BISOTE ACRÍLICO | D58: UNIDADE | E58: =SUM(H58-(H58*Capa!$C$1)) -> 34.99 | H58: 34.99
A59: BP308 | B59: BRAÇADEIRA BOLA ACRÍLICO | D59: UNIDADE | E59: =SUM(H59-(H59*Capa!$C$1)) -> 34.99 | H59: 34.99
A60: BP309 | B60: BRAÇADEIRA BOLA MESCLA ACRÍLICO | D60: UNIDADE | E60: =SUM(H60-(H60*Capa!$C$1)) -> 34.99 | H60: 34.99
A61: BC011 | B61: BRAÇADEIRA BISOTE CRISTAL | D61: UNIDADE | E61: =SUM(H61-(H61*Capa!$C$1)) -> 49.99 | H61: 49.99
A62: BC012 | B62: BRAÇADEIRA CUBO CRISTAL | D62: UNIDADE | E62: =SUM(H62-(H62*Capa!$C$1)) -> 49.99 | H62: 49.99
A63: BCA013 | B63: BRAÇADEIRA CUBO ACRÍLICO PRETO | D63: UNIDADE | E63: =SUM(H63-(H63*Capa!$C$1)) -> 24.99 | H63: 24.99
A64: BCR022 | B64: BRAÇADEIRA COCO RÚSTIC | D64: UNIDADE | E64: =SUM(H64-(H64*Capa!$C$1)) -> 49.99 | H64: 49.99
A65: BSM014 | B65: BRAÇADEIRA STRASS MICHELA | D65: UNIDADE | E65: =SUM(H65-(H65*Capa!$C$1)) -> 49.99 | H65: 49.99
A66: BSR015 | B66: BRAÇADEIRA STRASS RETANGULAR | D66: UNIDADE | E66: =SUM(H66-(H66*Capa!$C$1)) -> 49.99 | H66: 49.99
A67: BSA016 | B67: BRAÇADEIRA STRASS ANEL | D67: UNIDADE | E67: =SUM(H67-(H67*Capa!$C$1)) -> 49.99 | H67: 49.99
... A72: BCO021 | B72: BRAÇADEIRA ONÇA UNIC | D72: UNIDADE | E72: =SUM(H72-(H72*Capa!$C$1)) -> 49.99 | H72: 49.99
